"Benchmark","Mode","Threads","Samples","Score","Score Error (99.9%)","Unit","Param: dataLength","Param: logVariety","Param: searcherType","Param: seed","Param: termLength"
"com.openkappa.runtime.stringsearch.IndexOfBenchmark.indexOfSearcher","avgt",1,5,0.099160,0.000749,"us/op",100,7,BIT_MATRIX,90210,3
"com.openkappa.runtime.stringsearch.IndexOfBenchmark.indexOfSearcher","avgt",1,5,0.096683,0.001070,"us/op",100,7,BIT_MATRIX,90210,9
"com.openkappa.runtime.stringsearch.IndexOfBenchmark.indexOfSearcher","avgt",1,5,0.096235,0.000509,"us/op",100,7,BIT_MATRIX,90210,13
"com.openkappa.runtime.stringsearch.IndexOfBenchmark.indexOfSearcher","avgt",1,5,0.098704,0.000772,"us/op",100,7,BIT_MATRIX,90210,19
"com.openkappa.runtime.stringsearch.IndexOfBenchmark.indexOfSearcher","avgt",1,5,0.098554,0.001932,"us/op",100,7,BIT_MATRIX,90210,23
"com.openkappa.runtime.stringsearch.IndexOfBenchmark.indexOfSearcher","avgt",1,5,0.097358,0.000296,"us/op",100,7,BIT_MATRIX,90210,29
"com.openkappa.runtime.stringsearch.IndexOfBenchmark.indexOfSearcher","avgt",1,5,0.097265,0.000743,"us/op",100,7,BIT_MATRIX,90210,33
"com.openkappa.runtime.stringsearch.IndexOfBenchmark.indexOfSearcher","avgt",1,5,0.097967,0.000895,"us/op",100,7,BIT_MATRIX,90210,39
"com.openkappa.runtime.stringsearch.IndexOfBenchmark.indexOfSearcher","avgt",1,5,0.098714,0.000914,"us/op",100,7,BIT_MATRIX,90210,53
"com.openkappa.runtime.stringsearch.IndexOfBenchmark.indexOfSearcher","avgt",1,5,0.099310,0.002557,"us/op",100,7,BIT_MATRIX,90210,59
"com.openkappa.runtime.stringsearch.IndexOfBenchmark.indexOfSearcher","avgt",1,5,0.139592,0.003265,"us/op",100,7,SPARSE_BIT_MATRIX,90210,3
"com.openkappa.runtime.stringsearch.IndexOfBenchmark.indexOfSearcher","avgt",1,5,0.143591,0.002550,"us/op",100,7,SPARSE_BIT_MATRIX,90210,9
"com.openkappa.runtime.stringsearch.IndexOfBenchmark.indexOfSearcher","avgt",1,5,0.177911,0.003688,"us/op",100,7,SPARSE_BIT_MATRIX,90210,13
"com.openkappa.runtime.stringsearch.IndexOfBenchmark.indexOfSearcher","avgt",1,5,0.164610,0.001263,"us/op",100,7,SPARSE_BIT_MATRIX,90210,19
"com.openkappa.runtime.stringsearch.IndexOfBenchmark.indexOfSearcher","avgt",1,5,0.169256,0.004245,"us/op",100,7,SPARSE_BIT_MATRIX,90210,23
"com.openkappa.runtime.stringsearch.IndexOfBenchmark.indexOfSearcher","avgt",1,5,0.193627,0.001518,"us/op",100,7,SPARSE_BIT_MATRIX,90210,29
"com.openkappa.runtime.stringsearch.IndexOfBenchmark.indexOfSearcher","avgt",1,5,0.218410,0.001251,"us/op",100,7,SPARSE_BIT_MATRIX,90210,33
"com.openkappa.runtime.stringsearch.IndexOfBenchmark.indexOfSearcher","avgt",1,5,0.230413,0.001606,"us/op",100,7,SPARSE_BIT_MATRIX,90210,39
"com.openkappa.runtime.stringsearch.IndexOfBenchmark.indexOfSearcher","avgt",1,5,0.232539,0.001292,"us/op",100,7,SPARSE_BIT_MATRIX,90210,53
"com.openkappa.runtime.stringsearch.IndexOfBenchmark.indexOfSearcher","avgt",1,5,0.245081,0.002195,"us/op",100,7,SPARSE_BIT_MATRIX,90210,59
"com.openkappa.runtime.stringsearch.IndexOfBenchmark.indexOfSearcher","avgt",1,5,0.103371,0.001982,"us/op",100,9,BIT_MATRIX,90210,3
"com.openkappa.runtime.stringsearch.IndexOfBenchmark.indexOfSearcher","avgt",1,5,0.103534,0.001781,"us/op",100,9,BIT_MATRIX,90210,9
"com.openkappa.runtime.stringsearch.IndexOfBenchmark.indexOfSearcher","avgt",1,5,0.103470,0.000703,"us/op",100,9,BIT_MATRIX,90210,13
"com.openkappa.runtime.stringsearch.IndexOfBenchmark.indexOfSearcher","avgt",1,5,0.105241,0.011573,"us/op",100,9,BIT_MATRIX,90210,19
"com.openkappa.runtime.stringsearch.IndexOfBenchmark.indexOfSearcher","avgt",1,5,0.103912,0.001486,"us/op",100,9,BIT_MATRIX,90210,23
"com.openkappa.runtime.stringsearch.IndexOfBenchmark.indexOfSearcher","avgt",1,5,0.103502,0.001079,"us/op",100,9,BIT_MATRIX,90210,29
"com.openkappa.runtime.stringsearch.IndexOfBenchmark.indexOfSearcher","avgt",1,5,0.103239,0.001056,"us/op",100,9,BIT_MATRIX,90210,33
"com.openkappa.runtime.stringsearch.IndexOfBenchmark.indexOfSearcher","avgt",1,5,0.103022,0.000670,"us/op",100,9,BIT_MATRIX,90210,39
"com.openkappa.runtime.stringsearch.IndexOfBenchmark.indexOfSearcher","avgt",1,5,0.102853,0.000958,"us/op",100,9,BIT_MATRIX,90210,53
"com.openkappa.runtime.stringsearch.IndexOfBenchmark.indexOfSearcher","avgt",1,5,0.103084,0.000946,"us/op",100,9,BIT_MATRIX,90210,59
"com.openkappa.runtime.stringsearch.IndexOfBenchmark.indexOfSearcher","avgt",1,5,0.146428,0.000977,"us/op",100,9,SPARSE_BIT_MATRIX,90210,3
"com.openkappa.runtime.stringsearch.IndexOfBenchmark.indexOfSearcher","avgt",1,5,0.159075,0.000716,"us/op",100,9,SPARSE_BIT_MATRIX,90210,9
"com.openkappa.runtime.stringsearch.IndexOfBenchmark.indexOfSearcher","avgt",1,5,0.203003,0.000985,"us/op",100,9,SPARSE_BIT_MATRIX,90210,13
"com.openkappa.runtime.stringsearch.IndexOfBenchmark.indexOfSearcher","avgt",1,5,0.228985,0.001927,"us/op",100,9,SPARSE_BIT_MATRIX,90210,19
"com.openkappa.runtime.stringsearch.IndexOfBenchmark.indexOfSearcher","avgt",1,5,0.208989,0.001656,"us/op",100,9,SPARSE_BIT_MATRIX,90210,23
"com.openkappa.runtime.stringsearch.IndexOfBenchmark.indexOfSearcher","avgt",1,5,0.259809,0.004472,"us/op",100,9,SPARSE_BIT_MATRIX,90210,29
"com.openkappa.runtime.stringsearch.IndexOfBenchmark.indexOfSearcher","avgt",1,5,0.281366,0.002319,"us/op",100,9,SPARSE_BIT_MATRIX,90210,33
"com.openkappa.runtime.stringsearch.IndexOfBenchmark.indexOfSearcher","avgt",1,5,0.295956,0.001899,"us/op",100,9,SPARSE_BIT_MATRIX,90210,39
"com.openkappa.runtime.stringsearch.IndexOfBenchmark.indexOfSearcher","avgt",1,5,0.317125,0.003161,"us/op",100,9,SPARSE_BIT_MATRIX,90210,53
"com.openkappa.runtime.stringsearch.IndexOfBenchmark.indexOfSearcher","avgt",1,5,0.315431,0.004162,"us/op",100,9,SPARSE_BIT_MATRIX,90210,59
"com.openkappa.runtime.stringsearch.IndexOfBenchmark.indexOfSearcher","avgt",1,5,0.105845,0.000647,"us/op",100,11,BIT_MATRIX,90210,3
"com.openkappa.runtime.stringsearch.IndexOfBenchmark.indexOfSearcher","avgt",1,5,0.105974,0.000676,"us/op",100,11,BIT_MATRIX,90210,9
"com.openkappa.runtime.stringsearch.IndexOfBenchmark.indexOfSearcher","avgt",1,5,0.106120,0.000116,"us/op",100,11,BIT_MATRIX,90210,13
"com.openkappa.runtime.stringsearch.IndexOfBenchmark.indexOfSearcher","avgt",1,5,0.107827,0.002504,"us/op",100,11,BIT_MATRIX,90210,19
"com.openkappa.runtime.stringsearch.IndexOfBenchmark.indexOfSearcher","avgt",1,5,0.106128,0.000595,"us/op",100,11,BIT_MATRIX,90210,23
"com.openkappa.runtime.stringsearch.IndexOfBenchmark.indexOfSearcher","avgt",1,5,0.105875,0.000857,"us/op",100,11,BIT_MATRIX,90210,29
"com.openkappa.runtime.stringsearch.IndexOfBenchmark.indexOfSearcher","avgt",1,5,0.113779,0.057227,"us/op",100,11,BIT_MATRIX,90210,33
"com.openkappa.runtime.stringsearch.IndexOfBenchmark.indexOfSearcher","avgt",1,5,0.107256,0.000447,"us/op",100,11,BIT_MATRIX,90210,39
"com.openkappa.runtime.stringsearch.IndexOfBenchmark.indexOfSearcher","avgt",1,5,0.110351,0.015853,"us/op",100,11,BIT_MATRIX,90210,53
"com.openkappa.runtime.stringsearch.IndexOfBenchmark.indexOfSearcher","avgt",1,5,0.107530,0.001412,"us/op",100,11,BIT_MATRIX,90210,59
"com.openkappa.runtime.stringsearch.IndexOfBenchmark.indexOfSearcher","avgt",1,5,0.133938,0.000942,"us/op",100,11,SPARSE_BIT_MATRIX,90210,3
"com.openkappa.runtime.stringsearch.IndexOfBenchmark.indexOfSearcher","avgt",1,5,0.162840,0.000960,"us/op",100,11,SPARSE_BIT_MATRIX,90210,9
"com.openkappa.runtime.stringsearch.IndexOfBenchmark.indexOfSearcher","avgt",1,5,0.180172,0.001520,"us/op",100,11,SPARSE_BIT_MATRIX,90210,13
"com.openkappa.runtime.stringsearch.IndexOfBenchmark.indexOfSearcher","avgt",1,5,0.201301,0.005142,"us/op",100,11,SPARSE_BIT_MATRIX,90210,19
"com.openkappa.runtime.stringsearch.IndexOfBenchmark.indexOfSearcher","avgt",1,5,0.251912,0.003729,"us/op",100,11,SPARSE_BIT_MATRIX,90210,23
"com.openkappa.runtime.stringsearch.IndexOfBenchmark.indexOfSearcher","avgt",1,5,0.266066,0.002637,"us/op",100,11,SPARSE_BIT_MATRIX,90210,29
"com.openkappa.runtime.stringsearch.IndexOfBenchmark.indexOfSearcher","avgt",1,5,0.247749,0.003306,"us/op",100,11,SPARSE_BIT_MATRIX,90210,33
"com.openkappa.runtime.stringsearch.IndexOfBenchmark.indexOfSearcher","avgt",1,5,0.259754,0.003841,"us/op",100,11,SPARSE_BIT_MATRIX,90210,39
"com.openkappa.runtime.stringsearch.IndexOfBenchmark.indexOfSearcher","avgt",1,5,0.313357,0.005856,"us/op",100,11,SPARSE_BIT_MATRIX,90210,53
"com.openkappa.runtime.stringsearch.IndexOfBenchmark.indexOfSearcher","avgt",1,5,0.311001,0.001784,"us/op",100,11,SPARSE_BIT_MATRIX,90210,59
"com.openkappa.runtime.stringsearch.IndexOfBenchmark.indexOfSearcher","avgt",1,5,0.109007,0.011978,"us/op",100,12,BIT_MATRIX,90210,3
"com.openkappa.runtime.stringsearch.IndexOfBenchmark.indexOfSearcher","avgt",1,5,0.106823,0.000379,"us/op",100,12,BIT_MATRIX,90210,9
"com.openkappa.runtime.stringsearch.IndexOfBenchmark.indexOfSearcher","avgt",1,5,0.106743,0.001131,"us/op",100,12,BIT_MATRIX,90210,13
"com.openkappa.runtime.stringsearch.IndexOfBenchmark.indexOfSearcher","avgt",1,5,0.107681,0.000602,"us/op",100,12,BIT_MATRIX,90210,19
"com.openkappa.runtime.stringsearch.IndexOfBenchmark.indexOfSearcher","avgt",1,5,0.107773,0.001637,"us/op",100,12,BIT_MATRIX,90210,23
"com.openkappa.runtime.stringsearch.IndexOfBenchmark.indexOfSearcher","avgt",1,5,0.107978,0.001097,"us/op",100,12,BIT_MATRIX,90210,29
"com.openkappa.runtime.stringsearch.IndexOfBenchmark.indexOfSearcher","avgt",1,5,0.106552,0.000799,"us/op",100,12,BIT_MATRIX,90210,33
"com.openkappa.runtime.stringsearch.IndexOfBenchmark.indexOfSearcher","avgt",1,5,0.106557,0.000651,"us/op",100,12,BIT_MATRIX,90210,39
"com.openkappa.runtime.stringsearch.IndexOfBenchmark.indexOfSearcher","avgt",1,5,0.106429,0.000760,"us/op",100,12,BIT_MATRIX,90210,53
"com.openkappa.runtime.stringsearch.IndexOfBenchmark.indexOfSearcher","avgt",1,5,0.108010,0.000998,"us/op",100,12,BIT_MATRIX,90210,59
"com.openkappa.runtime.stringsearch.IndexOfBenchmark.indexOfSearcher","avgt",1,5,0.134851,0.001102,"us/op",100,12,SPARSE_BIT_MATRIX,90210,3
"com.openkappa.runtime.stringsearch.IndexOfBenchmark.indexOfSearcher","avgt",1,5,0.164936,0.002128,"us/op",100,12,SPARSE_BIT_MATRIX,90210,9
"com.openkappa.runtime.stringsearch.IndexOfBenchmark.indexOfSearcher","avgt",1,5,0.181843,0.002115,"us/op",100,12,SPARSE_BIT_MATRIX,90210,13
"com.openkappa.runtime.stringsearch.IndexOfBenchmark.indexOfSearcher","avgt",1,5,0.202869,0.003260,"us/op",100,12,SPARSE_BIT_MATRIX,90210,19
"com.openkappa.runtime.stringsearch.IndexOfBenchmark.indexOfSearcher","avgt",1,5,0.212917,0.003445,"us/op",100,12,SPARSE_BIT_MATRIX,90210,23
"com.openkappa.runtime.stringsearch.IndexOfBenchmark.indexOfSearcher","avgt",1,5,0.238470,0.001312,"us/op",100,12,SPARSE_BIT_MATRIX,90210,29
"com.openkappa.runtime.stringsearch.IndexOfBenchmark.indexOfSearcher","avgt",1,5,0.287527,0.003439,"us/op",100,12,SPARSE_BIT_MATRIX,90210,33
"com.openkappa.runtime.stringsearch.IndexOfBenchmark.indexOfSearcher","avgt",1,5,0.300325,0.005685,"us/op",100,12,SPARSE_BIT_MATRIX,90210,39
"com.openkappa.runtime.stringsearch.IndexOfBenchmark.indexOfSearcher","avgt",1,5,0.321959,0.004270,"us/op",100,12,SPARSE_BIT_MATRIX,90210,53
"com.openkappa.runtime.stringsearch.IndexOfBenchmark.indexOfSearcher","avgt",1,5,0.319289,0.005147,"us/op",100,12,SPARSE_BIT_MATRIX,90210,59
"com.openkappa.runtime.stringsearch.IndexOfBenchmark.indexOfSearcher","avgt",1,5,0.938960,0.005648,"us/op",1000,7,BIT_MATRIX,90210,3
"com.openkappa.runtime.stringsearch.IndexOfBenchmark.indexOfSearcher","avgt",1,5,0.940896,0.014646,"us/op",1000,7,BIT_MATRIX,90210,9
"com.openkappa.runtime.stringsearch.IndexOfBenchmark.indexOfSearcher","avgt",1,5,0.939602,0.006920,"us/op",1000,7,BIT_MATRIX,90210,13
"com.openkappa.runtime.stringsearch.IndexOfBenchmark.indexOfSearcher","avgt",1,5,0.941855,0.022660,"us/op",1000,7,BIT_MATRIX,90210,19
"com.openkappa.runtime.stringsearch.IndexOfBenchmark.indexOfSearcher","avgt",1,5,0.938896,0.005473,"us/op",1000,7,BIT_MATRIX,90210,23
"com.openkappa.runtime.stringsearch.IndexOfBenchmark.indexOfSearcher","avgt",1,5,0.942148,0.004471,"us/op",1000,7,BIT_MATRIX,90210,29
"com.openkappa.runtime.stringsearch.IndexOfBenchmark.indexOfSearcher","avgt",1,5,0.942604,0.010703,"us/op",1000,7,BIT_MATRIX,90210,33
"com.openkappa.runtime.stringsearch.IndexOfBenchmark.indexOfSearcher","avgt",1,5,0.941567,0.006224,"us/op",1000,7,BIT_MATRIX,90210,39
"com.openkappa.runtime.stringsearch.IndexOfBenchmark.indexOfSearcher","avgt",1,5,0.943488,0.019974,"us/op",1000,7,BIT_MATRIX,90210,53
"com.openkappa.runtime.stringsearch.IndexOfBenchmark.indexOfSearcher","avgt",1,5,0.940896,0.003076,"us/op",1000,7,BIT_MATRIX,90210,59
"com.openkappa.runtime.stringsearch.IndexOfBenchmark.indexOfSearcher","avgt",1,5,1.318192,0.012886,"us/op",1000,7,SPARSE_BIT_MATRIX,90210,3
"com.openkappa.runtime.stringsearch.IndexOfBenchmark.indexOfSearcher","avgt",1,5,1.598052,0.027081,"us/op",1000,7,SPARSE_BIT_MATRIX,90210,9
"com.openkappa.runtime.stringsearch.IndexOfBenchmark.indexOfSearcher","avgt",1,5,1.768908,0.007581,"us/op",1000,7,SPARSE_BIT_MATRIX,90210,13
"com.openkappa.runtime.stringsearch.IndexOfBenchmark.indexOfSearcher","avgt",1,5,2.044819,0.111934,"us/op",1000,7,SPARSE_BIT_MATRIX,90210,19
"com.openkappa.runtime.stringsearch.IndexOfBenchmark.indexOfSearcher","avgt",1,5,2.162819,0.007361,"us/op",1000,7,SPARSE_BIT_MATRIX,90210,23
"com.openkappa.runtime.stringsearch.IndexOfBenchmark.indexOfSearcher","avgt",1,5,2.477867,0.023098,"us/op",1000,7,SPARSE_BIT_MATRIX,90210,29
"com.openkappa.runtime.stringsearch.IndexOfBenchmark.indexOfSearcher","avgt",1,5,2.674885,0.023652,"us/op",1000,7,SPARSE_BIT_MATRIX,90210,33
"com.openkappa.runtime.stringsearch.IndexOfBenchmark.indexOfSearcher","avgt",1,5,2.941936,0.019839,"us/op",1000,7,SPARSE_BIT_MATRIX,90210,39
"com.openkappa.runtime.stringsearch.IndexOfBenchmark.indexOfSearcher","avgt",1,5,3.363665,0.041047,"us/op",1000,7,SPARSE_BIT_MATRIX,90210,53
"com.openkappa.runtime.stringsearch.IndexOfBenchmark.indexOfSearcher","avgt",1,5,3.533930,0.029270,"us/op",1000,7,SPARSE_BIT_MATRIX,90210,59
"com.openkappa.runtime.stringsearch.IndexOfBenchmark.indexOfSearcher","avgt",1,5,0.949300,0.012345,"us/op",1000,9,BIT_MATRIX,90210,3
"com.openkappa.runtime.stringsearch.IndexOfBenchmark.indexOfSearcher","avgt",1,5,0.945221,0.003319,"us/op",1000,9,BIT_MATRIX,90210,9
"com.openkappa.runtime.stringsearch.IndexOfBenchmark.indexOfSearcher","avgt",1,5,0.943013,0.008008,"us/op",1000,9,BIT_MATRIX,90210,13
"com.openkappa.runtime.stringsearch.IndexOfBenchmark.indexOfSearcher","avgt",1,5,0.941887,0.004785,"us/op",1000,9,BIT_MATRIX,90210,19
"com.openkappa.runtime.stringsearch.IndexOfBenchmark.indexOfSearcher","avgt",1,5,0.943644,0.019567,"us/op",1000,9,BIT_MATRIX,90210,23
"com.openkappa.runtime.stringsearch.IndexOfBenchmark.indexOfSearcher","avgt",1,5,0.946242,0.016452,"us/op",1000,9,BIT_MATRIX,90210,29
"com.openkappa.runtime.stringsearch.IndexOfBenchmark.indexOfSearcher","avgt",1,5,0.942522,0.003345,"us/op",1000,9,BIT_MATRIX,90210,33
"com.openkappa.runtime.stringsearch.IndexOfBenchmark.indexOfSearcher","avgt",1,5,0.946085,0.012378,"us/op",1000,9,BIT_MATRIX,90210,39
"com.openkappa.runtime.stringsearch.IndexOfBenchmark.indexOfSearcher","avgt",1,5,0.941339,0.003991,"us/op",1000,9,BIT_MATRIX,90210,53
"com.openkappa.runtime.stringsearch.IndexOfBenchmark.indexOfSearcher","avgt",1,5,0.945429,0.012950,"us/op",1000,9,BIT_MATRIX,90210,59
"com.openkappa.runtime.stringsearch.IndexOfBenchmark.indexOfSearcher","avgt",1,5,1.331398,0.045289,"us/op",1000,9,SPARSE_BIT_MATRIX,90210,3
"com.openkappa.runtime.stringsearch.IndexOfBenchmark.indexOfSearcher","avgt",1,5,1.610138,0.009936,"us/op",1000,9,SPARSE_BIT_MATRIX,90210,9
"com.openkappa.runtime.stringsearch.IndexOfBenchmark.indexOfSearcher","avgt",1,5,1.792594,0.020854,"us/op",1000,9,SPARSE_BIT_MATRIX,90210,13
"com.openkappa.runtime.stringsearch.IndexOfBenchmark.indexOfSearcher","avgt",1,5,2.057237,0.009323,"us/op",1000,9,SPARSE_BIT_MATRIX,90210,19
"com.openkappa.runtime.stringsearch.IndexOfBenchmark.indexOfSearcher","avgt",1,5,2.192532,0.018993,"us/op",1000,9,SPARSE_BIT_MATRIX,90210,23
"com.openkappa.runtime.stringsearch.IndexOfBenchmark.indexOfSearcher","avgt",1,5,2.464929,0.018235,"us/op",1000,9,SPARSE_BIT_MATRIX,90210,29
"com.openkappa.runtime.stringsearch.IndexOfBenchmark.indexOfSearcher","avgt",1,5,2.650721,0.012865,"us/op",1000,9,SPARSE_BIT_MATRIX,90210,33
"com.openkappa.runtime.stringsearch.IndexOfBenchmark.indexOfSearcher","avgt",1,5,2.940280,0.016293,"us/op",1000,9,SPARSE_BIT_MATRIX,90210,39
"com.openkappa.runtime.stringsearch.IndexOfBenchmark.indexOfSearcher","avgt",1,5,3.429355,0.016306,"us/op",1000,9,SPARSE_BIT_MATRIX,90210,53
"com.openkappa.runtime.stringsearch.IndexOfBenchmark.indexOfSearcher","avgt",1,5,3.562511,0.037980,"us/op",1000,9,SPARSE_BIT_MATRIX,90210,59
"com.openkappa.runtime.stringsearch.IndexOfBenchmark.indexOfSearcher","avgt",1,5,0.946187,0.008420,"us/op",1000,11,BIT_MATRIX,90210,3
"com.openkappa.runtime.stringsearch.IndexOfBenchmark.indexOfSearcher","avgt",1,5,0.946895,0.009251,"us/op",1000,11,BIT_MATRIX,90210,9
"com.openkappa.runtime.stringsearch.IndexOfBenchmark.indexOfSearcher","avgt",1,5,0.950649,0.017180,"us/op",1000,11,BIT_MATRIX,90210,13
"com.openkappa.runtime.stringsearch.IndexOfBenchmark.indexOfSearcher","avgt",1,5,0.950764,0.007419,"us/op",1000,11,BIT_MATRIX,90210,19
"com.openkappa.runtime.stringsearch.IndexOfBenchmark.indexOfSearcher","avgt",1,5,0.949239,0.012168,"us/op",1000,11,BIT_MATRIX,90210,23
"com.openkappa.runtime.stringsearch.IndexOfBenchmark.indexOfSearcher","avgt",1,5,0.948984,0.010778,"us/op",1000,11,BIT_MATRIX,90210,29
"com.openkappa.runtime.stringsearch.IndexOfBenchmark.indexOfSearcher","avgt",1,5,0.951144,0.011055,"us/op",1000,11,BIT_MATRIX,90210,33
"com.openkappa.runtime.stringsearch.IndexOfBenchmark.indexOfSearcher","avgt",1,5,0.947924,0.006060,"us/op",1000,11,BIT_MATRIX,90210,39
"com.openkappa.runtime.stringsearch.IndexOfBenchmark.indexOfSearcher","avgt",1,5,0.951661,0.019669,"us/op",1000,11,BIT_MATRIX,90210,53
"com.openkappa.runtime.stringsearch.IndexOfBenchmark.indexOfSearcher","avgt",1,5,0.948080,0.018075,"us/op",1000,11,BIT_MATRIX,90210,59
"com.openkappa.runtime.stringsearch.IndexOfBenchmark.indexOfSearcher","avgt",1,5,1.326379,0.018659,"us/op",1000,11,SPARSE_BIT_MATRIX,90210,3
"com.openkappa.runtime.stringsearch.IndexOfBenchmark.indexOfSearcher","avgt",1,5,1.614893,0.017833,"us/op",1000,11,SPARSE_BIT_MATRIX,90210,9
"com.openkappa.runtime.stringsearch.IndexOfBenchmark.indexOfSearcher","avgt",1,5,1.841587,0.174295,"us/op",1000,11,SPARSE_BIT_MATRIX,90210,13
"com.openkappa.runtime.stringsearch.IndexOfBenchmark.indexOfSearcher","avgt",1,5,2.167459,0.466145,"us/op",1000,11,SPARSE_BIT_MATRIX,90210,19
"com.openkappa.runtime.stringsearch.IndexOfBenchmark.indexOfSearcher","avgt",1,5,2.247546,0.049634,"us/op",1000,11,SPARSE_BIT_MATRIX,90210,23
"com.openkappa.runtime.stringsearch.IndexOfBenchmark.indexOfSearcher","avgt",1,5,2.475207,0.043189,"us/op",1000,11,SPARSE_BIT_MATRIX,90210,29
"com.openkappa.runtime.stringsearch.IndexOfBenchmark.indexOfSearcher","avgt",1,5,2.665080,0.043919,"us/op",1000,11,SPARSE_BIT_MATRIX,90210,33
"com.openkappa.runtime.stringsearch.IndexOfBenchmark.indexOfSearcher","avgt",1,5,2.926006,0.039310,"us/op",1000,11,SPARSE_BIT_MATRIX,90210,39
"com.openkappa.runtime.stringsearch.IndexOfBenchmark.indexOfSearcher","avgt",1,5,3.446747,0.055468,"us/op",1000,11,SPARSE_BIT_MATRIX,90210,53
"com.openkappa.runtime.stringsearch.IndexOfBenchmark.indexOfSearcher","avgt",1,5,3.567963,0.014533,"us/op",1000,11,SPARSE_BIT_MATRIX,90210,59
"com.openkappa.runtime.stringsearch.IndexOfBenchmark.indexOfSearcher","avgt",1,5,0.960094,0.025608,"us/op",1000,12,BIT_MATRIX,90210,3
"com.openkappa.runtime.stringsearch.IndexOfBenchmark.indexOfSearcher","avgt",1,5,0.962397,0.019585,"us/op",1000,12,BIT_MATRIX,90210,9
"com.openkappa.runtime.stringsearch.IndexOfBenchmark.indexOfSearcher","avgt",1,5,0.979598,0.099211,"us/op",1000,12,BIT_MATRIX,90210,13
"com.openkappa.runtime.stringsearch.IndexOfBenchmark.indexOfSearcher","avgt",1,5,0.972318,0.020791,"us/op",1000,12,BIT_MATRIX,90210,19
"com.openkappa.runtime.stringsearch.IndexOfBenchmark.indexOfSearcher","avgt",1,5,0.962866,0.024751,"us/op",1000,12,BIT_MATRIX,90210,23
"com.openkappa.runtime.stringsearch.IndexOfBenchmark.indexOfSearcher","avgt",1,5,0.957613,0.018863,"us/op",1000,12,BIT_MATRIX,90210,29
"com.openkappa.runtime.stringsearch.IndexOfBenchmark.indexOfSearcher","avgt",1,5,0.956073,0.011150,"us/op",1000,12,BIT_MATRIX,90210,33
"com.openkappa.runtime.stringsearch.IndexOfBenchmark.indexOfSearcher","avgt",1,5,0.972964,0.036667,"us/op",1000,12,BIT_MATRIX,90210,39
"com.openkappa.runtime.stringsearch.IndexOfBenchmark.indexOfSearcher","avgt",1,5,0.989426,0.025289,"us/op",1000,12,BIT_MATRIX,90210,53
"com.openkappa.runtime.stringsearch.IndexOfBenchmark.indexOfSearcher","avgt",1,5,0.956981,0.010390,"us/op",1000,12,BIT_MATRIX,90210,59
"com.openkappa.runtime.stringsearch.IndexOfBenchmark.indexOfSearcher","avgt",1,5,1.334348,0.014182,"us/op",1000,12,SPARSE_BIT_MATRIX,90210,3
"com.openkappa.runtime.stringsearch.IndexOfBenchmark.indexOfSearcher","avgt",1,5,1.625217,0.016516,"us/op",1000,12,SPARSE_BIT_MATRIX,90210,9
"com.openkappa.runtime.stringsearch.IndexOfBenchmark.indexOfSearcher","avgt",1,5,1.821787,0.034408,"us/op",1000,12,SPARSE_BIT_MATRIX,90210,13
"com.openkappa.runtime.stringsearch.IndexOfBenchmark.indexOfSearcher","avgt",1,5,2.088918,0.049592,"us/op",1000,12,SPARSE_BIT_MATRIX,90210,19
"com.openkappa.runtime.stringsearch.IndexOfBenchmark.indexOfSearcher","avgt",1,5,2.258489,0.040943,"us/op",1000,12,SPARSE_BIT_MATRIX,90210,23
"com.openkappa.runtime.stringsearch.IndexOfBenchmark.indexOfSearcher","avgt",1,5,2.498344,0.032389,"us/op",1000,12,SPARSE_BIT_MATRIX,90210,29
"com.openkappa.runtime.stringsearch.IndexOfBenchmark.indexOfSearcher","avgt",1,5,2.688000,0.037150,"us/op",1000,12,SPARSE_BIT_MATRIX,90210,33
"com.openkappa.runtime.stringsearch.IndexOfBenchmark.indexOfSearcher","avgt",1,5,2.997482,0.043433,"us/op",1000,12,SPARSE_BIT_MATRIX,90210,39
"com.openkappa.runtime.stringsearch.IndexOfBenchmark.indexOfSearcher","avgt",1,5,3.472703,0.344787,"us/op",1000,12,SPARSE_BIT_MATRIX,90210,53
"com.openkappa.runtime.stringsearch.IndexOfBenchmark.indexOfSearcher","avgt",1,5,3.610921,0.059575,"us/op",1000,12,SPARSE_BIT_MATRIX,90210,59
"com.openkappa.runtime.stringsearch.IndexOfBenchmark.indexOfSearcher","avgt",1,5,1.874592,0.025368,"us/op",2000,7,BIT_MATRIX,90210,3
"com.openkappa.runtime.stringsearch.IndexOfBenchmark.indexOfSearcher","avgt",1,5,1.874783,0.022559,"us/op",2000,7,BIT_MATRIX,90210,9
"com.openkappa.runtime.stringsearch.IndexOfBenchmark.indexOfSearcher","avgt",1,5,1.875025,0.023947,"us/op",2000,7,BIT_MATRIX,90210,13
"com.openkappa.runtime.stringsearch.IndexOfBenchmark.indexOfSearcher","avgt",1,5,1.871401,0.007931,"us/op",2000,7,BIT_MATRIX,90210,19
"com.openkappa.runtime.stringsearch.IndexOfBenchmark.indexOfSearcher","avgt",1,5,1.872212,0.010875,"us/op",2000,7,BIT_MATRIX,90210,23
"com.openkappa.runtime.stringsearch.IndexOfBenchmark.indexOfSearcher","avgt",1,5,1.868516,0.003721,"us/op",2000,7,BIT_MATRIX,90210,29
"com.openkappa.runtime.stringsearch.IndexOfBenchmark.indexOfSearcher","avgt",1,5,1.870695,0.016899,"us/op",2000,7,BIT_MATRIX,90210,33
"com.openkappa.runtime.stringsearch.IndexOfBenchmark.indexOfSearcher","avgt",1,5,1.874200,0.032944,"us/op",2000,7,BIT_MATRIX,90210,39
"com.openkappa.runtime.stringsearch.IndexOfBenchmark.indexOfSearcher","avgt",1,5,1.873826,0.015118,"us/op",2000,7,BIT_MATRIX,90210,53
"com.openkappa.runtime.stringsearch.IndexOfBenchmark.indexOfSearcher","avgt",1,5,1.868409,0.017105,"us/op",2000,7,BIT_MATRIX,90210,59
"com.openkappa.runtime.stringsearch.IndexOfBenchmark.indexOfSearcher","avgt",1,5,2.618704,0.007408,"us/op",2000,7,SPARSE_BIT_MATRIX,90210,3
"com.openkappa.runtime.stringsearch.IndexOfBenchmark.indexOfSearcher","avgt",1,5,3.716645,0.030247,"us/op",2000,7,SPARSE_BIT_MATRIX,90210,9
"com.openkappa.runtime.stringsearch.IndexOfBenchmark.indexOfSearcher","avgt",1,5,4.059395,0.044720,"us/op",2000,7,SPARSE_BIT_MATRIX,90210,13
"com.openkappa.runtime.stringsearch.IndexOfBenchmark.indexOfSearcher","avgt",1,5,4.560325,0.016443,"us/op",2000,7,SPARSE_BIT_MATRIX,90210,19
"com.openkappa.runtime.stringsearch.IndexOfBenchmark.indexOfSearcher","avgt",1,5,4.862583,0.052437,"us/op",2000,7,SPARSE_BIT_MATRIX,90210,23
"com.openkappa.runtime.stringsearch.IndexOfBenchmark.indexOfSearcher","avgt",1,5,5.331735,0.016750,"us/op",2000,7,SPARSE_BIT_MATRIX,90210,29
"com.openkappa.runtime.stringsearch.IndexOfBenchmark.indexOfSearcher","avgt",1,5,5.677118,0.040143,"us/op",2000,7,SPARSE_BIT_MATRIX,90210,33
"com.openkappa.runtime.stringsearch.IndexOfBenchmark.indexOfSearcher","avgt",1,5,6.146658,0.034709,"us/op",2000,7,SPARSE_BIT_MATRIX,90210,39
"com.openkappa.runtime.stringsearch.IndexOfBenchmark.indexOfSearcher","avgt",1,5,7.161954,0.174369,"us/op",2000,7,SPARSE_BIT_MATRIX,90210,53
"com.openkappa.runtime.stringsearch.IndexOfBenchmark.indexOfSearcher","avgt",1,5,7.357945,0.055866,"us/op",2000,7,SPARSE_BIT_MATRIX,90210,59
"com.openkappa.runtime.stringsearch.IndexOfBenchmark.indexOfSearcher","avgt",1,5,1.873078,0.014537,"us/op",2000,9,BIT_MATRIX,90210,3
"com.openkappa.runtime.stringsearch.IndexOfBenchmark.indexOfSearcher","avgt",1,5,1.877694,0.021451,"us/op",2000,9,BIT_MATRIX,90210,9
"com.openkappa.runtime.stringsearch.IndexOfBenchmark.indexOfSearcher","avgt",1,5,1.874991,0.009840,"us/op",2000,9,BIT_MATRIX,90210,13
"com.openkappa.runtime.stringsearch.IndexOfBenchmark.indexOfSearcher","avgt",1,5,1.872443,0.015008,"us/op",2000,9,BIT_MATRIX,90210,19
"com.openkappa.runtime.stringsearch.IndexOfBenchmark.indexOfSearcher","avgt",1,5,1.873325,0.017488,"us/op",2000,9,BIT_MATRIX,90210,23
"com.openkappa.runtime.stringsearch.IndexOfBenchmark.indexOfSearcher","avgt",1,5,1.877195,0.010649,"us/op",2000,9,BIT_MATRIX,90210,29
"com.openkappa.runtime.stringsearch.IndexOfBenchmark.indexOfSearcher","avgt",1,5,1.877950,0.026059,"us/op",2000,9,BIT_MATRIX,90210,33
"com.openkappa.runtime.stringsearch.IndexOfBenchmark.indexOfSearcher","avgt",1,5,1.877455,0.036533,"us/op",2000,9,BIT_MATRIX,90210,39
"com.openkappa.runtime.stringsearch.IndexOfBenchmark.indexOfSearcher","avgt",1,5,1.873898,0.009312,"us/op",2000,9,BIT_MATRIX,90210,53
"com.openkappa.runtime.stringsearch.IndexOfBenchmark.indexOfSearcher","avgt",1,5,1.873979,0.020264,"us/op",2000,9,BIT_MATRIX,90210,59
"com.openkappa.runtime.stringsearch.IndexOfBenchmark.indexOfSearcher","avgt",1,5,2.631449,0.027814,"us/op",2000,9,SPARSE_BIT_MATRIX,90210,3
"com.openkappa.runtime.stringsearch.IndexOfBenchmark.indexOfSearcher","avgt",1,5,3.743619,0.097978,"us/op",2000,9,SPARSE_BIT_MATRIX,90210,9
"com.openkappa.runtime.stringsearch.IndexOfBenchmark.indexOfSearcher","avgt",1,5,4.072249,0.090279,"us/op",2000,9,SPARSE_BIT_MATRIX,90210,13
"com.openkappa.runtime.stringsearch.IndexOfBenchmark.indexOfSearcher","avgt",1,5,4.663557,0.655299,"us/op",2000,9,SPARSE_BIT_MATRIX,90210,19
"com.openkappa.runtime.stringsearch.IndexOfBenchmark.indexOfSearcher","avgt",1,5,4.833975,0.021917,"us/op",2000,9,SPARSE_BIT_MATRIX,90210,23
"com.openkappa.runtime.stringsearch.IndexOfBenchmark.indexOfSearcher","avgt",1,5,5.358605,0.072460,"us/op",2000,9,SPARSE_BIT_MATRIX,90210,29
"com.openkappa.runtime.stringsearch.IndexOfBenchmark.indexOfSearcher","avgt",1,5,5.690977,0.101249,"us/op",2000,9,SPARSE_BIT_MATRIX,90210,33
"com.openkappa.runtime.stringsearch.IndexOfBenchmark.indexOfSearcher","avgt",1,5,6.190921,0.038378,"us/op",2000,9,SPARSE_BIT_MATRIX,90210,39
"com.openkappa.runtime.stringsearch.IndexOfBenchmark.indexOfSearcher","avgt",1,5,7.082764,0.069172,"us/op",2000,9,SPARSE_BIT_MATRIX,90210,53
"com.openkappa.runtime.stringsearch.IndexOfBenchmark.indexOfSearcher","avgt",1,5,7.437620,0.137944,"us/op",2000,9,SPARSE_BIT_MATRIX,90210,59
"com.openkappa.runtime.stringsearch.IndexOfBenchmark.indexOfSearcher","avgt",1,5,1.902164,0.021242,"us/op",2000,11,BIT_MATRIX,90210,3
"com.openkappa.runtime.stringsearch.IndexOfBenchmark.indexOfSearcher","avgt",1,5,1.904089,0.012268,"us/op",2000,11,BIT_MATRIX,90210,9
"com.openkappa.runtime.stringsearch.IndexOfBenchmark.indexOfSearcher","avgt",1,5,1.900274,0.021697,"us/op",2000,11,BIT_MATRIX,90210,13
"com.openkappa.runtime.stringsearch.IndexOfBenchmark.indexOfSearcher","avgt",1,5,1.901196,0.024807,"us/op",2000,11,BIT_MATRIX,90210,19
"com.openkappa.runtime.stringsearch.IndexOfBenchmark.indexOfSearcher","avgt",1,5,1.931534,0.027055,"us/op",2000,11,BIT_MATRIX,90210,23
"com.openkappa.runtime.stringsearch.IndexOfBenchmark.indexOfSearcher","avgt",1,5,1.937308,0.051468,"us/op",2000,11,BIT_MATRIX,90210,29
"com.openkappa.runtime.stringsearch.IndexOfBenchmark.indexOfSearcher","avgt",1,5,1.902699,0.036033,"us/op",2000,11,BIT_MATRIX,90210,33
"com.openkappa.runtime.stringsearch.IndexOfBenchmark.indexOfSearcher","avgt",1,5,1.913768,0.041625,"us/op",2000,11,BIT_MATRIX,90210,39
"com.openkappa.runtime.stringsearch.IndexOfBenchmark.indexOfSearcher","avgt",1,5,1.896366,0.046761,"us/op",2000,11,BIT_MATRIX,90210,53
"com.openkappa.runtime.stringsearch.IndexOfBenchmark.indexOfSearcher","avgt",1,5,1.920645,0.045861,"us/op",2000,11,BIT_MATRIX,90210,59
"com.openkappa.runtime.stringsearch.IndexOfBenchmark.indexOfSearcher","avgt",1,5,2.647069,0.058178,"us/op",2000,11,SPARSE_BIT_MATRIX,90210,3
"com.openkappa.runtime.stringsearch.IndexOfBenchmark.indexOfSearcher","avgt",1,5,3.762755,0.054829,"us/op",2000,11,SPARSE_BIT_MATRIX,90210,9
"com.openkappa.runtime.stringsearch.IndexOfBenchmark.indexOfSearcher","avgt",1,5,4.121082,0.091259,"us/op",2000,11,SPARSE_BIT_MATRIX,90210,13
"com.openkappa.runtime.stringsearch.IndexOfBenchmark.indexOfSearcher","avgt",1,5,4.625380,0.062126,"us/op",2000,11,SPARSE_BIT_MATRIX,90210,19
"com.openkappa.runtime.stringsearch.IndexOfBenchmark.indexOfSearcher","avgt",1,5,4.905625,0.129303,"us/op",2000,11,SPARSE_BIT_MATRIX,90210,23
"com.openkappa.runtime.stringsearch.IndexOfBenchmark.indexOfSearcher","avgt",1,5,5.491518,0.136853,"us/op",2000,11,SPARSE_BIT_MATRIX,90210,29
"com.openkappa.runtime.stringsearch.IndexOfBenchmark.indexOfSearcher","avgt",1,5,5.760446,0.057206,"us/op",2000,11,SPARSE_BIT_MATRIX,90210,33
"com.openkappa.runtime.stringsearch.IndexOfBenchmark.indexOfSearcher","avgt",1,5,6.261790,0.130290,"us/op",2000,11,SPARSE_BIT_MATRIX,90210,39
"com.openkappa.runtime.stringsearch.IndexOfBenchmark.indexOfSearcher","avgt",1,5,7.190919,0.104962,"us/op",2000,11,SPARSE_BIT_MATRIX,90210,53
"com.openkappa.runtime.stringsearch.IndexOfBenchmark.indexOfSearcher","avgt",1,5,7.495492,0.092440,"us/op",2000,11,SPARSE_BIT_MATRIX,90210,59
"com.openkappa.runtime.stringsearch.IndexOfBenchmark.indexOfSearcher","avgt",1,5,1.978993,0.023069,"us/op",2000,12,BIT_MATRIX,90210,3
"com.openkappa.runtime.stringsearch.IndexOfBenchmark.indexOfSearcher","avgt",1,5,1.984129,0.027838,"us/op",2000,12,BIT_MATRIX,90210,9
"com.openkappa.runtime.stringsearch.IndexOfBenchmark.indexOfSearcher","avgt",1,5,1.995097,0.045421,"us/op",2000,12,BIT_MATRIX,90210,13
"com.openkappa.runtime.stringsearch.IndexOfBenchmark.indexOfSearcher","avgt",1,5,1.995409,0.020744,"us/op",2000,12,BIT_MATRIX,90210,19
"com.openkappa.runtime.stringsearch.IndexOfBenchmark.indexOfSearcher","avgt",1,5,1.991862,0.053474,"us/op",2000,12,BIT_MATRIX,90210,23
"com.openkappa.runtime.stringsearch.IndexOfBenchmark.indexOfSearcher","avgt",1,5,1.984306,0.026520,"us/op",2000,12,BIT_MATRIX,90210,29
"com.openkappa.runtime.stringsearch.IndexOfBenchmark.indexOfSearcher","avgt",1,5,1.992103,0.039867,"us/op",2000,12,BIT_MATRIX,90210,33
"com.openkappa.runtime.stringsearch.IndexOfBenchmark.indexOfSearcher","avgt",1,5,1.980400,0.025587,"us/op",2000,12,BIT_MATRIX,90210,39
"com.openkappa.runtime.stringsearch.IndexOfBenchmark.indexOfSearcher","avgt",1,5,1.981124,0.065481,"us/op",2000,12,BIT_MATRIX,90210,53
"com.openkappa.runtime.stringsearch.IndexOfBenchmark.indexOfSearcher","avgt",1,5,1.996725,0.045868,"us/op",2000,12,BIT_MATRIX,90210,59
"com.openkappa.runtime.stringsearch.IndexOfBenchmark.indexOfSearcher","avgt",1,5,2.744311,0.039523,"us/op",2000,12,SPARSE_BIT_MATRIX,90210,3
"com.openkappa.runtime.stringsearch.IndexOfBenchmark.indexOfSearcher","avgt",1,5,3.937236,0.065167,"us/op",2000,12,SPARSE_BIT_MATRIX,90210,9
"com.openkappa.runtime.stringsearch.IndexOfBenchmark.indexOfSearcher","avgt",1,5,4.294803,0.026098,"us/op",2000,12,SPARSE_BIT_MATRIX,90210,13
"com.openkappa.runtime.stringsearch.IndexOfBenchmark.indexOfSearcher","avgt",1,5,4.839174,0.052006,"us/op",2000,12,SPARSE_BIT_MATRIX,90210,19
"com.openkappa.runtime.stringsearch.IndexOfBenchmark.indexOfSearcher","avgt",1,5,5.153917,0.030278,"us/op",2000,12,SPARSE_BIT_MATRIX,90210,23
"com.openkappa.runtime.stringsearch.IndexOfBenchmark.indexOfSearcher","avgt",1,5,5.631582,0.036217,"us/op",2000,12,SPARSE_BIT_MATRIX,90210,29
"com.openkappa.runtime.stringsearch.IndexOfBenchmark.indexOfSearcher","avgt",1,5,5.989841,0.040095,"us/op",2000,12,SPARSE_BIT_MATRIX,90210,33
"com.openkappa.runtime.stringsearch.IndexOfBenchmark.indexOfSearcher","avgt",1,5,6.522628,0.017891,"us/op",2000,12,SPARSE_BIT_MATRIX,90210,39
"com.openkappa.runtime.stringsearch.IndexOfBenchmark.indexOfSearcher","avgt",1,5,7.474733,0.219965,"us/op",2000,12,SPARSE_BIT_MATRIX,90210,53
"com.openkappa.runtime.stringsearch.IndexOfBenchmark.indexOfSearcher","avgt",1,5,7.733981,0.341565,"us/op",2000,12,SPARSE_BIT_MATRIX,90210,59
