"Benchmark","Mode","Threads","Samples","Score","Score Error (99.9%)","Unit","Param: dataLength","Param: dataSet","Param: logVariety","Param: searcherType","Param: seed","Param: termLength"
"com.openkappa.runtime.stringsearch.IndexOfBenchmark.indexOfSearcher","avgt",1,5,0.072458,0.000389,"us/op",100,KING_JAMES_BIBLE,7,UNSAFE_BIT_SLICED_SWAR_PAIR,90210,3
"com.openkappa.runtime.stringsearch.IndexOfBenchmark.indexOfSearcher","avgt",1,5,0.109908,0.001092,"us/op",100,KING_JAMES_BIBLE,7,UNSAFE_BIT_SLICED_SWAR_PAIR,90210,19
"com.openkappa.runtime.stringsearch.IndexOfBenchmark.indexOfSearcher","avgt",1,5,0.157929,0.001162,"us/op",100,KING_JAMES_BIBLE,7,UNSAFE_BIT_SLICED_SWAR_PAIR,90210,40
"com.openkappa.runtime.stringsearch.IndexOfBenchmark.indexOfSearcher","avgt",1,5,0.194815,0.001683,"us/op",100,KING_JAMES_BIBLE,7,UNSAFE_BIT_SLICED_SWAR_PAIR,90210,59
"com.openkappa.runtime.stringsearch.IndexOfBenchmark.indexOfSearcher","avgt",1,5,0.094873,0.001691,"us/op",100,KING_JAMES_BIBLE,7,UNSAFE_BIT_SLICED_SWAR,90210,3
"com.openkappa.runtime.stringsearch.IndexOfBenchmark.indexOfSearcher","avgt",1,5,0.108657,0.001018,"us/op",100,KING_JAMES_BIBLE,7,UNSAFE_BIT_SLICED_SWAR,90210,19
"com.openkappa.runtime.stringsearch.IndexOfBenchmark.indexOfSearcher","avgt",1,5,0.138269,0.001784,"us/op",100,KING_JAMES_BIBLE,7,UNSAFE_BIT_SLICED_SWAR,90210,40
"com.openkappa.runtime.stringsearch.IndexOfBenchmark.indexOfSearcher","avgt",1,5,0.154230,0.001438,"us/op",100,KING_JAMES_BIBLE,7,UNSAFE_BIT_SLICED_SWAR,90210,59
"com.openkappa.runtime.stringsearch.IndexOfBenchmark.indexOfSearcher","avgt",1,5,0.128956,0.000737,"us/op",100,KING_JAMES_BIBLE,12,UNSAFE_BIT_SLICED_SWAR_PAIR,90210,3
"com.openkappa.runtime.stringsearch.IndexOfBenchmark.indexOfSearcher","avgt",1,5,0.172006,0.000712,"us/op",100,KING_JAMES_BIBLE,12,UNSAFE_BIT_SLICED_SWAR_PAIR,90210,19
"com.openkappa.runtime.stringsearch.IndexOfBenchmark.indexOfSearcher","avgt",1,5,0.194898,0.002205,"us/op",100,KING_JAMES_BIBLE,12,UNSAFE_BIT_SLICED_SWAR_PAIR,90210,40
"com.openkappa.runtime.stringsearch.IndexOfBenchmark.indexOfSearcher","avgt",1,5,0.215463,0.001351,"us/op",100,KING_JAMES_BIBLE,12,UNSAFE_BIT_SLICED_SWAR_PAIR,90210,59
"com.openkappa.runtime.stringsearch.IndexOfBenchmark.indexOfSearcher","avgt",1,5,0.239531,0.001046,"us/op",100,KING_JAMES_BIBLE,12,UNSAFE_BIT_SLICED_SWAR,90210,3
"com.openkappa.runtime.stringsearch.IndexOfBenchmark.indexOfSearcher","avgt",1,5,0.222036,0.001185,"us/op",100,KING_JAMES_BIBLE,12,UNSAFE_BIT_SLICED_SWAR,90210,19
"com.openkappa.runtime.stringsearch.IndexOfBenchmark.indexOfSearcher","avgt",1,5,0.221644,0.001249,"us/op",100,KING_JAMES_BIBLE,12,UNSAFE_BIT_SLICED_SWAR,90210,40
"com.openkappa.runtime.stringsearch.IndexOfBenchmark.indexOfSearcher","avgt",1,5,0.205625,0.001114,"us/op",100,KING_JAMES_BIBLE,12,UNSAFE_BIT_SLICED_SWAR,90210,59
"com.openkappa.runtime.stringsearch.IndexOfBenchmark.indexOfSearcher","avgt",1,5,0.067759,0.000393,"us/op",100,LUTHER_1912_BIBLE,7,UNSAFE_BIT_SLICED_SWAR_PAIR,90210,3
"com.openkappa.runtime.stringsearch.IndexOfBenchmark.indexOfSearcher","avgt",1,5,0.100625,0.000495,"us/op",100,LUTHER_1912_BIBLE,7,UNSAFE_BIT_SLICED_SWAR_PAIR,90210,19
"com.openkappa.runtime.stringsearch.IndexOfBenchmark.indexOfSearcher","avgt",1,5,0.152156,0.001497,"us/op",100,LUTHER_1912_BIBLE,7,UNSAFE_BIT_SLICED_SWAR_PAIR,90210,40
"com.openkappa.runtime.stringsearch.IndexOfBenchmark.indexOfSearcher","avgt",1,5,0.189613,0.001194,"us/op",100,LUTHER_1912_BIBLE,7,UNSAFE_BIT_SLICED_SWAR_PAIR,90210,59
"com.openkappa.runtime.stringsearch.IndexOfBenchmark.indexOfSearcher","avgt",1,5,0.077971,0.001017,"us/op",100,LUTHER_1912_BIBLE,7,UNSAFE_BIT_SLICED_SWAR,90210,3
"com.openkappa.runtime.stringsearch.IndexOfBenchmark.indexOfSearcher","avgt",1,5,0.099530,0.000573,"us/op",100,LUTHER_1912_BIBLE,7,UNSAFE_BIT_SLICED_SWAR,90210,19
"com.openkappa.runtime.stringsearch.IndexOfBenchmark.indexOfSearcher","avgt",1,5,0.131496,0.037993,"us/op",100,LUTHER_1912_BIBLE,7,UNSAFE_BIT_SLICED_SWAR,90210,40
"com.openkappa.runtime.stringsearch.IndexOfBenchmark.indexOfSearcher","avgt",1,5,0.151034,0.000599,"us/op",100,LUTHER_1912_BIBLE,7,UNSAFE_BIT_SLICED_SWAR,90210,59
"com.openkappa.runtime.stringsearch.IndexOfBenchmark.indexOfSearcher","avgt",1,5,0.118806,0.000589,"us/op",100,LUTHER_1912_BIBLE,12,UNSAFE_BIT_SLICED_SWAR_PAIR,90210,3
"com.openkappa.runtime.stringsearch.IndexOfBenchmark.indexOfSearcher","avgt",1,5,0.143117,0.003571,"us/op",100,LUTHER_1912_BIBLE,12,UNSAFE_BIT_SLICED_SWAR_PAIR,90210,19
"com.openkappa.runtime.stringsearch.IndexOfBenchmark.indexOfSearcher","avgt",1,5,0.183641,0.001520,"us/op",100,LUTHER_1912_BIBLE,12,UNSAFE_BIT_SLICED_SWAR_PAIR,90210,40
"com.openkappa.runtime.stringsearch.IndexOfBenchmark.indexOfSearcher","avgt",1,5,0.210985,0.003344,"us/op",100,LUTHER_1912_BIBLE,12,UNSAFE_BIT_SLICED_SWAR_PAIR,90210,59
"com.openkappa.runtime.stringsearch.IndexOfBenchmark.indexOfSearcher","avgt",1,5,0.199494,0.014492,"us/op",100,LUTHER_1912_BIBLE,12,UNSAFE_BIT_SLICED_SWAR,90210,3
"com.openkappa.runtime.stringsearch.IndexOfBenchmark.indexOfSearcher","avgt",1,5,0.197641,0.001582,"us/op",100,LUTHER_1912_BIBLE,12,UNSAFE_BIT_SLICED_SWAR,90210,19
"com.openkappa.runtime.stringsearch.IndexOfBenchmark.indexOfSearcher","avgt",1,5,0.196667,0.001428,"us/op",100,LUTHER_1912_BIBLE,12,UNSAFE_BIT_SLICED_SWAR,90210,40
"com.openkappa.runtime.stringsearch.IndexOfBenchmark.indexOfSearcher","avgt",1,5,0.189718,0.000784,"us/op",100,LUTHER_1912_BIBLE,12,UNSAFE_BIT_SLICED_SWAR,90210,59
"com.openkappa.runtime.stringsearch.IndexOfBenchmark.indexOfSearcher","avgt",1,5,0.067758,0.000283,"us/op",100,SERBIAN_LATIN_SCRIPT,7,UNSAFE_BIT_SLICED_SWAR_PAIR,90210,3
"com.openkappa.runtime.stringsearch.IndexOfBenchmark.indexOfSearcher","avgt",1,5,0.098476,0.000859,"us/op",100,SERBIAN_LATIN_SCRIPT,7,UNSAFE_BIT_SLICED_SWAR_PAIR,90210,19
"com.openkappa.runtime.stringsearch.IndexOfBenchmark.indexOfSearcher","avgt",1,5,0.151174,0.001206,"us/op",100,SERBIAN_LATIN_SCRIPT,7,UNSAFE_BIT_SLICED_SWAR_PAIR,90210,40
"com.openkappa.runtime.stringsearch.IndexOfBenchmark.indexOfSearcher","avgt",1,5,0.190947,0.001247,"us/op",100,SERBIAN_LATIN_SCRIPT,7,UNSAFE_BIT_SLICED_SWAR_PAIR,90210,59
"com.openkappa.runtime.stringsearch.IndexOfBenchmark.indexOfSearcher","avgt",1,5,0.074548,0.001223,"us/op",100,SERBIAN_LATIN_SCRIPT,7,UNSAFE_BIT_SLICED_SWAR,90210,3
"com.openkappa.runtime.stringsearch.IndexOfBenchmark.indexOfSearcher","avgt",1,5,0.095753,0.002972,"us/op",100,SERBIAN_LATIN_SCRIPT,7,UNSAFE_BIT_SLICED_SWAR,90210,19
"com.openkappa.runtime.stringsearch.IndexOfBenchmark.indexOfSearcher","avgt",1,5,0.124151,0.001661,"us/op",100,SERBIAN_LATIN_SCRIPT,7,UNSAFE_BIT_SLICED_SWAR,90210,40
"com.openkappa.runtime.stringsearch.IndexOfBenchmark.indexOfSearcher","avgt",1,5,0.147364,0.000947,"us/op",100,SERBIAN_LATIN_SCRIPT,7,UNSAFE_BIT_SLICED_SWAR,90210,59
"com.openkappa.runtime.stringsearch.IndexOfBenchmark.indexOfSearcher","avgt",1,5,0.105056,0.000609,"us/op",100,SERBIAN_LATIN_SCRIPT,12,UNSAFE_BIT_SLICED_SWAR_PAIR,90210,3
"com.openkappa.runtime.stringsearch.IndexOfBenchmark.indexOfSearcher","avgt",1,5,0.148845,0.028526,"us/op",100,SERBIAN_LATIN_SCRIPT,12,UNSAFE_BIT_SLICED_SWAR_PAIR,90210,19
"com.openkappa.runtime.stringsearch.IndexOfBenchmark.indexOfSearcher","avgt",1,5,0.178732,0.000591,"us/op",100,SERBIAN_LATIN_SCRIPT,12,UNSAFE_BIT_SLICED_SWAR_PAIR,90210,40
"com.openkappa.runtime.stringsearch.IndexOfBenchmark.indexOfSearcher","avgt",1,5,0.205875,0.001585,"us/op",100,SERBIAN_LATIN_SCRIPT,12,UNSAFE_BIT_SLICED_SWAR_PAIR,90210,59
"com.openkappa.runtime.stringsearch.IndexOfBenchmark.indexOfSearcher","avgt",1,5,0.209499,0.001203,"us/op",100,SERBIAN_LATIN_SCRIPT,12,UNSAFE_BIT_SLICED_SWAR,90210,3
"com.openkappa.runtime.stringsearch.IndexOfBenchmark.indexOfSearcher","avgt",1,5,0.178058,0.001804,"us/op",100,SERBIAN_LATIN_SCRIPT,12,UNSAFE_BIT_SLICED_SWAR,90210,19
"com.openkappa.runtime.stringsearch.IndexOfBenchmark.indexOfSearcher","avgt",1,5,0.186970,0.000472,"us/op",100,SERBIAN_LATIN_SCRIPT,12,UNSAFE_BIT_SLICED_SWAR,90210,40
"com.openkappa.runtime.stringsearch.IndexOfBenchmark.indexOfSearcher","avgt",1,5,0.184086,0.000749,"us/op",100,SERBIAN_LATIN_SCRIPT,12,UNSAFE_BIT_SLICED_SWAR,90210,59
"com.openkappa.runtime.stringsearch.IndexOfBenchmark.indexOfSearcher","avgt",1,5,0.086382,0.000648,"us/op",100,RUSSIAN,7,UNSAFE_BIT_SLICED_SWAR_PAIR,90210,3
"com.openkappa.runtime.stringsearch.IndexOfBenchmark.indexOfSearcher","avgt",1,5,0.120554,0.001314,"us/op",100,RUSSIAN,7,UNSAFE_BIT_SLICED_SWAR_PAIR,90210,19
"com.openkappa.runtime.stringsearch.IndexOfBenchmark.indexOfSearcher","avgt",1,5,0.164191,0.000320,"us/op",100,RUSSIAN,7,UNSAFE_BIT_SLICED_SWAR_PAIR,90210,40
"com.openkappa.runtime.stringsearch.IndexOfBenchmark.indexOfSearcher","avgt",1,5,0.199596,0.002052,"us/op",100,RUSSIAN,7,UNSAFE_BIT_SLICED_SWAR_PAIR,90210,59
"com.openkappa.runtime.stringsearch.IndexOfBenchmark.indexOfSearcher","avgt",1,5,0.089429,0.001298,"us/op",100,RUSSIAN,7,UNSAFE_BIT_SLICED_SWAR,90210,3
"com.openkappa.runtime.stringsearch.IndexOfBenchmark.indexOfSearcher","avgt",1,5,0.108465,0.003027,"us/op",100,RUSSIAN,7,UNSAFE_BIT_SLICED_SWAR,90210,19
"com.openkappa.runtime.stringsearch.IndexOfBenchmark.indexOfSearcher","avgt",1,5,0.137980,0.001269,"us/op",100,RUSSIAN,7,UNSAFE_BIT_SLICED_SWAR,90210,40
"com.openkappa.runtime.stringsearch.IndexOfBenchmark.indexOfSearcher","avgt",1,5,0.155772,0.001400,"us/op",100,RUSSIAN,7,UNSAFE_BIT_SLICED_SWAR,90210,59
"com.openkappa.runtime.stringsearch.IndexOfBenchmark.indexOfSearcher","avgt",1,5,0.174123,0.001073,"us/op",100,RUSSIAN,12,UNSAFE_BIT_SLICED_SWAR_PAIR,90210,3
"com.openkappa.runtime.stringsearch.IndexOfBenchmark.indexOfSearcher","avgt",1,5,0.205824,0.003192,"us/op",100,RUSSIAN,12,UNSAFE_BIT_SLICED_SWAR_PAIR,90210,19
"com.openkappa.runtime.stringsearch.IndexOfBenchmark.indexOfSearcher","avgt",1,5,0.211439,0.002142,"us/op",100,RUSSIAN,12,UNSAFE_BIT_SLICED_SWAR_PAIR,90210,40
"com.openkappa.runtime.stringsearch.IndexOfBenchmark.indexOfSearcher","avgt",1,5,0.234112,0.005286,"us/op",100,RUSSIAN,12,UNSAFE_BIT_SLICED_SWAR_PAIR,90210,59
"com.openkappa.runtime.stringsearch.IndexOfBenchmark.indexOfSearcher","avgt",1,5,0.228746,0.004652,"us/op",100,RUSSIAN,12,UNSAFE_BIT_SLICED_SWAR,90210,3
"com.openkappa.runtime.stringsearch.IndexOfBenchmark.indexOfSearcher","avgt",1,5,0.224389,0.033348,"us/op",100,RUSSIAN,12,UNSAFE_BIT_SLICED_SWAR,90210,19
"com.openkappa.runtime.stringsearch.IndexOfBenchmark.indexOfSearcher","avgt",1,5,0.214815,0.002091,"us/op",100,RUSSIAN,12,UNSAFE_BIT_SLICED_SWAR,90210,40
"com.openkappa.runtime.stringsearch.IndexOfBenchmark.indexOfSearcher","avgt",1,5,0.201328,0.000599,"us/op",100,RUSSIAN,12,UNSAFE_BIT_SLICED_SWAR,90210,59
"com.openkappa.runtime.stringsearch.IndexOfBenchmark.indexOfSearcher","avgt",1,5,0.055087,0.000220,"us/op",100,CHINESE_TRADITIONAL,7,UNSAFE_BIT_SLICED_SWAR_PAIR,90210,3
"com.openkappa.runtime.stringsearch.IndexOfBenchmark.indexOfSearcher","avgt",1,5,0.091081,0.000507,"us/op",100,CHINESE_TRADITIONAL,7,UNSAFE_BIT_SLICED_SWAR_PAIR,90210,19
"com.openkappa.runtime.stringsearch.IndexOfBenchmark.indexOfSearcher","avgt",1,5,0.147568,0.001481,"us/op",100,CHINESE_TRADITIONAL,7,UNSAFE_BIT_SLICED_SWAR_PAIR,90210,40
"com.openkappa.runtime.stringsearch.IndexOfBenchmark.indexOfSearcher","avgt",1,5,0.153815,0.001075,"us/op",100,CHINESE_TRADITIONAL,7,UNSAFE_BIT_SLICED_SWAR_PAIR,90210,59
"com.openkappa.runtime.stringsearch.IndexOfBenchmark.indexOfSearcher","avgt",1,5,0.049491,0.000291,"us/op",100,CHINESE_TRADITIONAL,7,UNSAFE_BIT_SLICED_SWAR,90210,3
"com.openkappa.runtime.stringsearch.IndexOfBenchmark.indexOfSearcher","avgt",1,5,0.072623,0.006244,"us/op",100,CHINESE_TRADITIONAL,7,UNSAFE_BIT_SLICED_SWAR,90210,19
"com.openkappa.runtime.stringsearch.IndexOfBenchmark.indexOfSearcher","avgt",1,5,0.110654,0.002136,"us/op",100,CHINESE_TRADITIONAL,7,UNSAFE_BIT_SLICED_SWAR,90210,40
"com.openkappa.runtime.stringsearch.IndexOfBenchmark.indexOfSearcher","avgt",1,5,0.135489,0.000930,"us/op",100,CHINESE_TRADITIONAL,7,UNSAFE_BIT_SLICED_SWAR,90210,59
"com.openkappa.runtime.stringsearch.IndexOfBenchmark.indexOfSearcher","avgt",1,5,0.084057,0.000254,"us/op",100,CHINESE_TRADITIONAL,12,UNSAFE_BIT_SLICED_SWAR_PAIR,90210,3
"com.openkappa.runtime.stringsearch.IndexOfBenchmark.indexOfSearcher","avgt",1,5,0.122034,0.002612,"us/op",100,CHINESE_TRADITIONAL,12,UNSAFE_BIT_SLICED_SWAR_PAIR,90210,19
"com.openkappa.runtime.stringsearch.IndexOfBenchmark.indexOfSearcher","avgt",1,5,0.167532,0.001838,"us/op",100,CHINESE_TRADITIONAL,12,UNSAFE_BIT_SLICED_SWAR_PAIR,90210,40
"com.openkappa.runtime.stringsearch.IndexOfBenchmark.indexOfSearcher","avgt",1,5,0.185491,0.001179,"us/op",100,CHINESE_TRADITIONAL,12,UNSAFE_BIT_SLICED_SWAR_PAIR,90210,59
"com.openkappa.runtime.stringsearch.IndexOfBenchmark.indexOfSearcher","avgt",1,5,0.104230,0.000651,"us/op",100,CHINESE_TRADITIONAL,12,UNSAFE_BIT_SLICED_SWAR,90210,3
"com.openkappa.runtime.stringsearch.IndexOfBenchmark.indexOfSearcher","avgt",1,5,0.109952,0.002143,"us/op",100,CHINESE_TRADITIONAL,12,UNSAFE_BIT_SLICED_SWAR,90210,19
"com.openkappa.runtime.stringsearch.IndexOfBenchmark.indexOfSearcher","avgt",1,5,0.134522,0.001063,"us/op",100,CHINESE_TRADITIONAL,12,UNSAFE_BIT_SLICED_SWAR,90210,40
"com.openkappa.runtime.stringsearch.IndexOfBenchmark.indexOfSearcher","avgt",1,5,0.148624,0.001554,"us/op",100,CHINESE_TRADITIONAL,12,UNSAFE_BIT_SLICED_SWAR,90210,59
"com.openkappa.runtime.stringsearch.IndexOfBenchmark.indexOfSearcher","avgt",1,5,0.046956,0.000994,"us/op",100,RANDOM,7,UNSAFE_BIT_SLICED_SWAR_PAIR,90210,3
"com.openkappa.runtime.stringsearch.IndexOfBenchmark.indexOfSearcher","avgt",1,5,0.082380,0.000514,"us/op",100,RANDOM,7,UNSAFE_BIT_SLICED_SWAR_PAIR,90210,19
"com.openkappa.runtime.stringsearch.IndexOfBenchmark.indexOfSearcher","avgt",1,5,0.116730,0.001616,"us/op",100,RANDOM,7,UNSAFE_BIT_SLICED_SWAR_PAIR,90210,40
"com.openkappa.runtime.stringsearch.IndexOfBenchmark.indexOfSearcher","avgt",1,5,0.140749,0.001269,"us/op",100,RANDOM,7,UNSAFE_BIT_SLICED_SWAR_PAIR,90210,59
"com.openkappa.runtime.stringsearch.IndexOfBenchmark.indexOfSearcher","avgt",1,5,0.039297,0.000979,"us/op",100,RANDOM,7,UNSAFE_BIT_SLICED_SWAR,90210,3
"com.openkappa.runtime.stringsearch.IndexOfBenchmark.indexOfSearcher","avgt",1,5,0.065816,0.000353,"us/op",100,RANDOM,7,UNSAFE_BIT_SLICED_SWAR,90210,19
"com.openkappa.runtime.stringsearch.IndexOfBenchmark.indexOfSearcher","avgt",1,5,0.099205,0.000416,"us/op",100,RANDOM,7,UNSAFE_BIT_SLICED_SWAR,90210,40
"com.openkappa.runtime.stringsearch.IndexOfBenchmark.indexOfSearcher","avgt",1,5,0.155131,0.000508,"us/op",100,RANDOM,7,UNSAFE_BIT_SLICED_SWAR,90210,59
"com.openkappa.runtime.stringsearch.IndexOfBenchmark.indexOfSearcher","avgt",1,5,0.059448,0.000862,"us/op",100,RANDOM,12,UNSAFE_BIT_SLICED_SWAR_PAIR,90210,3
"com.openkappa.runtime.stringsearch.IndexOfBenchmark.indexOfSearcher","avgt",1,5,0.091717,0.000361,"us/op",100,RANDOM,12,UNSAFE_BIT_SLICED_SWAR_PAIR,90210,19
"com.openkappa.runtime.stringsearch.IndexOfBenchmark.indexOfSearcher","avgt",1,5,0.130633,0.000912,"us/op",100,RANDOM,12,UNSAFE_BIT_SLICED_SWAR_PAIR,90210,40
"com.openkappa.runtime.stringsearch.IndexOfBenchmark.indexOfSearcher","avgt",1,5,0.189566,0.001412,"us/op",100,RANDOM,12,UNSAFE_BIT_SLICED_SWAR_PAIR,90210,59
"com.openkappa.runtime.stringsearch.IndexOfBenchmark.indexOfSearcher","avgt",1,5,0.054921,0.000206,"us/op",100,RANDOM,12,UNSAFE_BIT_SLICED_SWAR,90210,3
"com.openkappa.runtime.stringsearch.IndexOfBenchmark.indexOfSearcher","avgt",1,5,0.070491,0.004137,"us/op",100,RANDOM,12,UNSAFE_BIT_SLICED_SWAR,90210,19
"com.openkappa.runtime.stringsearch.IndexOfBenchmark.indexOfSearcher","avgt",1,5,0.123895,0.000917,"us/op",100,RANDOM,12,UNSAFE_BIT_SLICED_SWAR,90210,40
"com.openkappa.runtime.stringsearch.IndexOfBenchmark.indexOfSearcher","avgt",1,5,0.158837,0.000518,"us/op",100,RANDOM,12,UNSAFE_BIT_SLICED_SWAR,90210,59
"com.openkappa.runtime.stringsearch.IndexOfBenchmark.indexOfSearcher","avgt",1,5,0.894172,0.008157,"us/op",1000,KING_JAMES_BIBLE,7,UNSAFE_BIT_SLICED_SWAR_PAIR,90210,3
"com.openkappa.runtime.stringsearch.IndexOfBenchmark.indexOfSearcher","avgt",1,5,1.010751,0.004764,"us/op",1000,KING_JAMES_BIBLE,7,UNSAFE_BIT_SLICED_SWAR_PAIR,90210,19
"com.openkappa.runtime.stringsearch.IndexOfBenchmark.indexOfSearcher","avgt",1,5,0.994520,0.006278,"us/op",1000,KING_JAMES_BIBLE,7,UNSAFE_BIT_SLICED_SWAR_PAIR,90210,40
"com.openkappa.runtime.stringsearch.IndexOfBenchmark.indexOfSearcher","avgt",1,5,1.072038,0.007837,"us/op",1000,KING_JAMES_BIBLE,7,UNSAFE_BIT_SLICED_SWAR_PAIR,90210,59
"com.openkappa.runtime.stringsearch.IndexOfBenchmark.indexOfSearcher","avgt",1,5,1.895686,0.019109,"us/op",1000,KING_JAMES_BIBLE,7,UNSAFE_BIT_SLICED_SWAR,90210,3
"com.openkappa.runtime.stringsearch.IndexOfBenchmark.indexOfSearcher","avgt",1,5,2.094550,0.018876,"us/op",1000,KING_JAMES_BIBLE,7,UNSAFE_BIT_SLICED_SWAR,90210,19
"com.openkappa.runtime.stringsearch.IndexOfBenchmark.indexOfSearcher","avgt",1,5,1.930536,0.004043,"us/op",1000,KING_JAMES_BIBLE,7,UNSAFE_BIT_SLICED_SWAR,90210,40
"com.openkappa.runtime.stringsearch.IndexOfBenchmark.indexOfSearcher","avgt",1,5,1.949188,0.052511,"us/op",1000,KING_JAMES_BIBLE,7,UNSAFE_BIT_SLICED_SWAR,90210,59
"com.openkappa.runtime.stringsearch.IndexOfBenchmark.indexOfSearcher","avgt",1,5,1.053333,0.012076,"us/op",1000,KING_JAMES_BIBLE,12,UNSAFE_BIT_SLICED_SWAR_PAIR,90210,3
"com.openkappa.runtime.stringsearch.IndexOfBenchmark.indexOfSearcher","avgt",1,5,1.088853,0.034373,"us/op",1000,KING_JAMES_BIBLE,12,UNSAFE_BIT_SLICED_SWAR_PAIR,90210,19
"com.openkappa.runtime.stringsearch.IndexOfBenchmark.indexOfSearcher","avgt",1,5,1.089711,0.016369,"us/op",1000,KING_JAMES_BIBLE,12,UNSAFE_BIT_SLICED_SWAR_PAIR,90210,40
"com.openkappa.runtime.stringsearch.IndexOfBenchmark.indexOfSearcher","avgt",1,5,1.157160,0.012443,"us/op",1000,KING_JAMES_BIBLE,12,UNSAFE_BIT_SLICED_SWAR_PAIR,90210,59
"com.openkappa.runtime.stringsearch.IndexOfBenchmark.indexOfSearcher","avgt",1,5,1.937596,0.050903,"us/op",1000,KING_JAMES_BIBLE,12,UNSAFE_BIT_SLICED_SWAR,90210,3
"com.openkappa.runtime.stringsearch.IndexOfBenchmark.indexOfSearcher","avgt",1,5,2.164084,0.019219,"us/op",1000,KING_JAMES_BIBLE,12,UNSAFE_BIT_SLICED_SWAR,90210,19
"com.openkappa.runtime.stringsearch.IndexOfBenchmark.indexOfSearcher","avgt",1,5,1.979588,0.035103,"us/op",1000,KING_JAMES_BIBLE,12,UNSAFE_BIT_SLICED_SWAR,90210,40
"com.openkappa.runtime.stringsearch.IndexOfBenchmark.indexOfSearcher","avgt",1,5,2.164997,0.027648,"us/op",1000,KING_JAMES_BIBLE,12,UNSAFE_BIT_SLICED_SWAR,90210,59
"com.openkappa.runtime.stringsearch.IndexOfBenchmark.indexOfSearcher","avgt",1,5,0.701473,0.016424,"us/op",1000,LUTHER_1912_BIBLE,7,UNSAFE_BIT_SLICED_SWAR_PAIR,90210,3
"com.openkappa.runtime.stringsearch.IndexOfBenchmark.indexOfSearcher","avgt",1,5,0.786438,0.005586,"us/op",1000,LUTHER_1912_BIBLE,7,UNSAFE_BIT_SLICED_SWAR_PAIR,90210,19
"com.openkappa.runtime.stringsearch.IndexOfBenchmark.indexOfSearcher","avgt",1,5,0.794230,0.019306,"us/op",1000,LUTHER_1912_BIBLE,7,UNSAFE_BIT_SLICED_SWAR_PAIR,90210,40
"com.openkappa.runtime.stringsearch.IndexOfBenchmark.indexOfSearcher","avgt",1,5,0.860537,0.005780,"us/op",1000,LUTHER_1912_BIBLE,7,UNSAFE_BIT_SLICED_SWAR_PAIR,90210,59
"com.openkappa.runtime.stringsearch.IndexOfBenchmark.indexOfSearcher","avgt",1,5,1.682394,0.009277,"us/op",1000,LUTHER_1912_BIBLE,7,UNSAFE_BIT_SLICED_SWAR,90210,3
"com.openkappa.runtime.stringsearch.IndexOfBenchmark.indexOfSearcher","avgt",1,5,1.618061,0.008296,"us/op",1000,LUTHER_1912_BIBLE,7,UNSAFE_BIT_SLICED_SWAR,90210,19
"com.openkappa.runtime.stringsearch.IndexOfBenchmark.indexOfSearcher","avgt",1,5,1.607803,0.008190,"us/op",1000,LUTHER_1912_BIBLE,7,UNSAFE_BIT_SLICED_SWAR,90210,40
"com.openkappa.runtime.stringsearch.IndexOfBenchmark.indexOfSearcher","avgt",1,5,1.754313,0.001697,"us/op",1000,LUTHER_1912_BIBLE,7,UNSAFE_BIT_SLICED_SWAR,90210,59
"com.openkappa.runtime.stringsearch.IndexOfBenchmark.indexOfSearcher","avgt",1,5,0.831716,0.010125,"us/op",1000,LUTHER_1912_BIBLE,12,UNSAFE_BIT_SLICED_SWAR_PAIR,90210,3
"com.openkappa.runtime.stringsearch.IndexOfBenchmark.indexOfSearcher","avgt",1,5,0.888161,0.016899,"us/op",1000,LUTHER_1912_BIBLE,12,UNSAFE_BIT_SLICED_SWAR_PAIR,90210,19
"com.openkappa.runtime.stringsearch.IndexOfBenchmark.indexOfSearcher","avgt",1,5,0.970450,0.011640,"us/op",1000,LUTHER_1912_BIBLE,12,UNSAFE_BIT_SLICED_SWAR_PAIR,90210,40
"com.openkappa.runtime.stringsearch.IndexOfBenchmark.indexOfSearcher","avgt",1,5,0.978604,0.006208,"us/op",1000,LUTHER_1912_BIBLE,12,UNSAFE_BIT_SLICED_SWAR_PAIR,90210,59
"com.openkappa.runtime.stringsearch.IndexOfBenchmark.indexOfSearcher","avgt",1,5,1.634637,0.024121,"us/op",1000,LUTHER_1912_BIBLE,12,UNSAFE_BIT_SLICED_SWAR,90210,3
"com.openkappa.runtime.stringsearch.IndexOfBenchmark.indexOfSearcher","avgt",1,5,1.804552,0.010418,"us/op",1000,LUTHER_1912_BIBLE,12,UNSAFE_BIT_SLICED_SWAR,90210,19
"com.openkappa.runtime.stringsearch.IndexOfBenchmark.indexOfSearcher","avgt",1,5,1.657683,0.015898,"us/op",1000,LUTHER_1912_BIBLE,12,UNSAFE_BIT_SLICED_SWAR,90210,40
"com.openkappa.runtime.stringsearch.IndexOfBenchmark.indexOfSearcher","avgt",1,5,1.678508,0.027409,"us/op",1000,LUTHER_1912_BIBLE,12,UNSAFE_BIT_SLICED_SWAR,90210,59
"com.openkappa.runtime.stringsearch.IndexOfBenchmark.indexOfSearcher","avgt",1,5,0.652238,0.004447,"us/op",1000,SERBIAN_LATIN_SCRIPT,7,UNSAFE_BIT_SLICED_SWAR_PAIR,90210,3
"com.openkappa.runtime.stringsearch.IndexOfBenchmark.indexOfSearcher","avgt",1,5,0.743587,0.004446,"us/op",1000,SERBIAN_LATIN_SCRIPT,7,UNSAFE_BIT_SLICED_SWAR_PAIR,90210,19
"com.openkappa.runtime.stringsearch.IndexOfBenchmark.indexOfSearcher","avgt",1,5,0.747655,0.004335,"us/op",1000,SERBIAN_LATIN_SCRIPT,7,UNSAFE_BIT_SLICED_SWAR_PAIR,90210,40
"com.openkappa.runtime.stringsearch.IndexOfBenchmark.indexOfSearcher","avgt",1,5,0.815427,0.004086,"us/op",1000,SERBIAN_LATIN_SCRIPT,7,UNSAFE_BIT_SLICED_SWAR_PAIR,90210,59
"com.openkappa.runtime.stringsearch.IndexOfBenchmark.indexOfSearcher","avgt",1,5,1.384771,0.012940,"us/op",1000,SERBIAN_LATIN_SCRIPT,7,UNSAFE_BIT_SLICED_SWAR,90210,3
"com.openkappa.runtime.stringsearch.IndexOfBenchmark.indexOfSearcher","avgt",1,5,1.445342,0.016817,"us/op",1000,SERBIAN_LATIN_SCRIPT,7,UNSAFE_BIT_SLICED_SWAR,90210,19
"com.openkappa.runtime.stringsearch.IndexOfBenchmark.indexOfSearcher","avgt",1,5,1.450681,0.007378,"us/op",1000,SERBIAN_LATIN_SCRIPT,7,UNSAFE_BIT_SLICED_SWAR,90210,40
"com.openkappa.runtime.stringsearch.IndexOfBenchmark.indexOfSearcher","avgt",1,5,1.456305,0.005080,"us/op",1000,SERBIAN_LATIN_SCRIPT,7,UNSAFE_BIT_SLICED_SWAR,90210,59
"com.openkappa.runtime.stringsearch.IndexOfBenchmark.indexOfSearcher","avgt",1,5,0.784115,0.026683,"us/op",1000,SERBIAN_LATIN_SCRIPT,12,UNSAFE_BIT_SLICED_SWAR_PAIR,90210,3
"com.openkappa.runtime.stringsearch.IndexOfBenchmark.indexOfSearcher","avgt",1,5,0.846715,0.025490,"us/op",1000,SERBIAN_LATIN_SCRIPT,12,UNSAFE_BIT_SLICED_SWAR_PAIR,90210,19
"com.openkappa.runtime.stringsearch.IndexOfBenchmark.indexOfSearcher","avgt",1,5,0.897240,0.029031,"us/op",1000,SERBIAN_LATIN_SCRIPT,12,UNSAFE_BIT_SLICED_SWAR_PAIR,90210,40
"com.openkappa.runtime.stringsearch.IndexOfBenchmark.indexOfSearcher","avgt",1,5,0.952335,0.027397,"us/op",1000,SERBIAN_LATIN_SCRIPT,12,UNSAFE_BIT_SLICED_SWAR_PAIR,90210,59
"com.openkappa.runtime.stringsearch.IndexOfBenchmark.indexOfSearcher","avgt",1,5,1.562852,0.019091,"us/op",1000,SERBIAN_LATIN_SCRIPT,12,UNSAFE_BIT_SLICED_SWAR,90210,3
"com.openkappa.runtime.stringsearch.IndexOfBenchmark.indexOfSearcher","avgt",1,5,1.491517,0.018488,"us/op",1000,SERBIAN_LATIN_SCRIPT,12,UNSAFE_BIT_SLICED_SWAR,90210,19
"com.openkappa.runtime.stringsearch.IndexOfBenchmark.indexOfSearcher","avgt",1,5,1.497656,0.022664,"us/op",1000,SERBIAN_LATIN_SCRIPT,12,UNSAFE_BIT_SLICED_SWAR,90210,40
"com.openkappa.runtime.stringsearch.IndexOfBenchmark.indexOfSearcher","avgt",1,5,1.641515,0.046648,"us/op",1000,SERBIAN_LATIN_SCRIPT,12,UNSAFE_BIT_SLICED_SWAR,90210,59
"com.openkappa.runtime.stringsearch.IndexOfBenchmark.indexOfSearcher","avgt",1,5,1.209055,0.007977,"us/op",1000,RUSSIAN,7,UNSAFE_BIT_SLICED_SWAR_PAIR,90210,3
"com.openkappa.runtime.stringsearch.IndexOfBenchmark.indexOfSearcher","avgt",1,5,1.393045,0.008466,"us/op",1000,RUSSIAN,7,UNSAFE_BIT_SLICED_SWAR_PAIR,90210,19
"com.openkappa.runtime.stringsearch.IndexOfBenchmark.indexOfSearcher","avgt",1,5,1.384352,0.002151,"us/op",1000,RUSSIAN,7,UNSAFE_BIT_SLICED_SWAR_PAIR,90210,40
"com.openkappa.runtime.stringsearch.IndexOfBenchmark.indexOfSearcher","avgt",1,5,1.444147,0.004587,"us/op",1000,RUSSIAN,7,UNSAFE_BIT_SLICED_SWAR_PAIR,90210,59
"com.openkappa.runtime.stringsearch.IndexOfBenchmark.indexOfSearcher","avgt",1,5,2.006812,0.010660,"us/op",1000,RUSSIAN,7,UNSAFE_BIT_SLICED_SWAR,90210,3
"com.openkappa.runtime.stringsearch.IndexOfBenchmark.indexOfSearcher","avgt",1,5,2.154886,0.006054,"us/op",1000,RUSSIAN,7,UNSAFE_BIT_SLICED_SWAR,90210,19
"com.openkappa.runtime.stringsearch.IndexOfBenchmark.indexOfSearcher","avgt",1,5,2.137040,0.014844,"us/op",1000,RUSSIAN,7,UNSAFE_BIT_SLICED_SWAR,90210,40
"com.openkappa.runtime.stringsearch.IndexOfBenchmark.indexOfSearcher","avgt",1,5,1.989881,0.013479,"us/op",1000,RUSSIAN,7,UNSAFE_BIT_SLICED_SWAR,90210,59
"com.openkappa.runtime.stringsearch.IndexOfBenchmark.indexOfSearcher","avgt",1,5,1.354682,0.073805,"us/op",1000,RUSSIAN,12,UNSAFE_BIT_SLICED_SWAR_PAIR,90210,3
"com.openkappa.runtime.stringsearch.IndexOfBenchmark.indexOfSearcher","avgt",1,5,1.460225,0.030288,"us/op",1000,RUSSIAN,12,UNSAFE_BIT_SLICED_SWAR_PAIR,90210,19
"com.openkappa.runtime.stringsearch.IndexOfBenchmark.indexOfSearcher","avgt",1,5,1.476417,0.031944,"us/op",1000,RUSSIAN,12,UNSAFE_BIT_SLICED_SWAR_PAIR,90210,40
"com.openkappa.runtime.stringsearch.IndexOfBenchmark.indexOfSearcher","avgt",1,5,1.532082,0.050095,"us/op",1000,RUSSIAN,12,UNSAFE_BIT_SLICED_SWAR_PAIR,90210,59
"com.openkappa.runtime.stringsearch.IndexOfBenchmark.indexOfSearcher","avgt",1,5,1.932142,0.024301,"us/op",1000,RUSSIAN,12,UNSAFE_BIT_SLICED_SWAR,90210,3
"com.openkappa.runtime.stringsearch.IndexOfBenchmark.indexOfSearcher","avgt",1,5,2.168160,0.015034,"us/op",1000,RUSSIAN,12,UNSAFE_BIT_SLICED_SWAR,90210,19
"com.openkappa.runtime.stringsearch.IndexOfBenchmark.indexOfSearcher","avgt",1,5,2.002964,0.073455,"us/op",1000,RUSSIAN,12,UNSAFE_BIT_SLICED_SWAR,90210,40
"com.openkappa.runtime.stringsearch.IndexOfBenchmark.indexOfSearcher","avgt",1,5,2.163492,0.034728,"us/op",1000,RUSSIAN,12,UNSAFE_BIT_SLICED_SWAR,90210,59
"com.openkappa.runtime.stringsearch.IndexOfBenchmark.indexOfSearcher","avgt",1,5,0.578289,0.004481,"us/op",1000,CHINESE_TRADITIONAL,7,UNSAFE_BIT_SLICED_SWAR_PAIR,90210,3
"com.openkappa.runtime.stringsearch.IndexOfBenchmark.indexOfSearcher","avgt",1,5,0.568721,0.003158,"us/op",1000,CHINESE_TRADITIONAL,7,UNSAFE_BIT_SLICED_SWAR_PAIR,90210,19
"com.openkappa.runtime.stringsearch.IndexOfBenchmark.indexOfSearcher","avgt",1,5,0.642175,0.008710,"us/op",1000,CHINESE_TRADITIONAL,7,UNSAFE_BIT_SLICED_SWAR_PAIR,90210,40
"com.openkappa.runtime.stringsearch.IndexOfBenchmark.indexOfSearcher","avgt",1,5,0.652019,0.005266,"us/op",1000,CHINESE_TRADITIONAL,7,UNSAFE_BIT_SLICED_SWAR_PAIR,90210,59
"com.openkappa.runtime.stringsearch.IndexOfBenchmark.indexOfSearcher","avgt",1,5,0.755255,0.003709,"us/op",1000,CHINESE_TRADITIONAL,7,UNSAFE_BIT_SLICED_SWAR,90210,3
"com.openkappa.runtime.stringsearch.IndexOfBenchmark.indexOfSearcher","avgt",1,5,0.800971,0.005312,"us/op",1000,CHINESE_TRADITIONAL,7,UNSAFE_BIT_SLICED_SWAR,90210,19
"com.openkappa.runtime.stringsearch.IndexOfBenchmark.indexOfSearcher","avgt",1,5,0.796820,0.013640,"us/op",1000,CHINESE_TRADITIONAL,7,UNSAFE_BIT_SLICED_SWAR,90210,40
"com.openkappa.runtime.stringsearch.IndexOfBenchmark.indexOfSearcher","avgt",1,5,0.758162,0.004793,"us/op",1000,CHINESE_TRADITIONAL,7,UNSAFE_BIT_SLICED_SWAR,90210,59
"com.openkappa.runtime.stringsearch.IndexOfBenchmark.indexOfSearcher","avgt",1,5,0.697772,0.013240,"us/op",1000,CHINESE_TRADITIONAL,12,UNSAFE_BIT_SLICED_SWAR_PAIR,90210,3
"com.openkappa.runtime.stringsearch.IndexOfBenchmark.indexOfSearcher","avgt",1,5,0.681130,0.016109,"us/op",1000,CHINESE_TRADITIONAL,12,UNSAFE_BIT_SLICED_SWAR_PAIR,90210,19
"com.openkappa.runtime.stringsearch.IndexOfBenchmark.indexOfSearcher","avgt",1,5,0.730637,0.006057,"us/op",1000,CHINESE_TRADITIONAL,12,UNSAFE_BIT_SLICED_SWAR_PAIR,90210,40
"com.openkappa.runtime.stringsearch.IndexOfBenchmark.indexOfSearcher","avgt",1,5,0.771774,0.008645,"us/op",1000,CHINESE_TRADITIONAL,12,UNSAFE_BIT_SLICED_SWAR_PAIR,90210,59
"com.openkappa.runtime.stringsearch.IndexOfBenchmark.indexOfSearcher","avgt",1,5,0.826602,0.028702,"us/op",1000,CHINESE_TRADITIONAL,12,UNSAFE_BIT_SLICED_SWAR,90210,3
"com.openkappa.runtime.stringsearch.IndexOfBenchmark.indexOfSearcher","avgt",1,5,0.875160,0.015631,"us/op",1000,CHINESE_TRADITIONAL,12,UNSAFE_BIT_SLICED_SWAR,90210,19
"com.openkappa.runtime.stringsearch.IndexOfBenchmark.indexOfSearcher","avgt",1,5,0.918647,0.023277,"us/op",1000,CHINESE_TRADITIONAL,12,UNSAFE_BIT_SLICED_SWAR,90210,40
"com.openkappa.runtime.stringsearch.IndexOfBenchmark.indexOfSearcher","avgt",1,5,0.841132,0.010817,"us/op",1000,CHINESE_TRADITIONAL,12,UNSAFE_BIT_SLICED_SWAR,90210,59
"com.openkappa.runtime.stringsearch.IndexOfBenchmark.indexOfSearcher","avgt",1,5,0.359307,0.001214,"us/op",1000,RANDOM,7,UNSAFE_BIT_SLICED_SWAR_PAIR,90210,3
"com.openkappa.runtime.stringsearch.IndexOfBenchmark.indexOfSearcher","avgt",1,5,0.392891,0.004710,"us/op",1000,RANDOM,7,UNSAFE_BIT_SLICED_SWAR_PAIR,90210,19
"com.openkappa.runtime.stringsearch.IndexOfBenchmark.indexOfSearcher","avgt",1,5,0.429564,0.001690,"us/op",1000,RANDOM,7,UNSAFE_BIT_SLICED_SWAR_PAIR,90210,40
"com.openkappa.runtime.stringsearch.IndexOfBenchmark.indexOfSearcher","avgt",1,5,0.458729,0.002020,"us/op",1000,RANDOM,7,UNSAFE_BIT_SLICED_SWAR_PAIR,90210,59
"com.openkappa.runtime.stringsearch.IndexOfBenchmark.indexOfSearcher","avgt",1,5,0.358285,0.003234,"us/op",1000,RANDOM,7,UNSAFE_BIT_SLICED_SWAR,90210,3
"com.openkappa.runtime.stringsearch.IndexOfBenchmark.indexOfSearcher","avgt",1,5,0.340936,0.002711,"us/op",1000,RANDOM,7,UNSAFE_BIT_SLICED_SWAR,90210,19
"com.openkappa.runtime.stringsearch.IndexOfBenchmark.indexOfSearcher","avgt",1,5,0.382912,0.003586,"us/op",1000,RANDOM,7,UNSAFE_BIT_SLICED_SWAR,90210,40
"com.openkappa.runtime.stringsearch.IndexOfBenchmark.indexOfSearcher","avgt",1,5,0.410377,0.004021,"us/op",1000,RANDOM,7,UNSAFE_BIT_SLICED_SWAR,90210,59
"com.openkappa.runtime.stringsearch.IndexOfBenchmark.indexOfSearcher","avgt",1,5,0.384906,0.004922,"us/op",1000,RANDOM,12,UNSAFE_BIT_SLICED_SWAR_PAIR,90210,3
"com.openkappa.runtime.stringsearch.IndexOfBenchmark.indexOfSearcher","avgt",1,5,0.416316,0.006451,"us/op",1000,RANDOM,12,UNSAFE_BIT_SLICED_SWAR_PAIR,90210,19
"com.openkappa.runtime.stringsearch.IndexOfBenchmark.indexOfSearcher","avgt",1,5,0.459580,0.004441,"us/op",1000,RANDOM,12,UNSAFE_BIT_SLICED_SWAR_PAIR,90210,40
"com.openkappa.runtime.stringsearch.IndexOfBenchmark.indexOfSearcher","avgt",1,5,0.489788,0.012680,"us/op",1000,RANDOM,12,UNSAFE_BIT_SLICED_SWAR_PAIR,90210,59
"com.openkappa.runtime.stringsearch.IndexOfBenchmark.indexOfSearcher","avgt",1,5,0.413614,0.005355,"us/op",1000,RANDOM,12,UNSAFE_BIT_SLICED_SWAR,90210,3
"com.openkappa.runtime.stringsearch.IndexOfBenchmark.indexOfSearcher","avgt",1,5,0.392535,0.003415,"us/op",1000,RANDOM,12,UNSAFE_BIT_SLICED_SWAR,90210,19
"com.openkappa.runtime.stringsearch.IndexOfBenchmark.indexOfSearcher","avgt",1,5,0.433448,0.003615,"us/op",1000,RANDOM,12,UNSAFE_BIT_SLICED_SWAR,90210,40
"com.openkappa.runtime.stringsearch.IndexOfBenchmark.indexOfSearcher","avgt",1,5,0.461605,0.009863,"us/op",1000,RANDOM,12,UNSAFE_BIT_SLICED_SWAR,90210,59
"com.openkappa.runtime.stringsearch.IndexOfBenchmark.indexOfSearcher","avgt",1,5,1.983429,0.009478,"us/op",2000,KING_JAMES_BIBLE,7,UNSAFE_BIT_SLICED_SWAR_PAIR,90210,3
"com.openkappa.runtime.stringsearch.IndexOfBenchmark.indexOfSearcher","avgt",1,5,2.007488,0.019068,"us/op",2000,KING_JAMES_BIBLE,7,UNSAFE_BIT_SLICED_SWAR_PAIR,90210,19
"com.openkappa.runtime.stringsearch.IndexOfBenchmark.indexOfSearcher","avgt",1,5,2.038160,0.011656,"us/op",2000,KING_JAMES_BIBLE,7,UNSAFE_BIT_SLICED_SWAR_PAIR,90210,40
"com.openkappa.runtime.stringsearch.IndexOfBenchmark.indexOfSearcher","avgt",1,5,2.060965,0.013001,"us/op",2000,KING_JAMES_BIBLE,7,UNSAFE_BIT_SLICED_SWAR_PAIR,90210,59
"com.openkappa.runtime.stringsearch.IndexOfBenchmark.indexOfSearcher","avgt",1,5,3.949688,0.686505,"us/op",2000,KING_JAMES_BIBLE,7,UNSAFE_BIT_SLICED_SWAR,90210,3
"com.openkappa.runtime.stringsearch.IndexOfBenchmark.indexOfSearcher","avgt",1,5,3.855578,0.028950,"us/op",2000,KING_JAMES_BIBLE,7,UNSAFE_BIT_SLICED_SWAR,90210,19
"com.openkappa.runtime.stringsearch.IndexOfBenchmark.indexOfSearcher","avgt",1,5,4.164829,0.016074,"us/op",2000,KING_JAMES_BIBLE,7,UNSAFE_BIT_SLICED_SWAR,90210,40
"com.openkappa.runtime.stringsearch.IndexOfBenchmark.indexOfSearcher","avgt",1,5,3.912735,0.024194,"us/op",2000,KING_JAMES_BIBLE,7,UNSAFE_BIT_SLICED_SWAR,90210,59
"com.openkappa.runtime.stringsearch.IndexOfBenchmark.indexOfSearcher","avgt",1,5,2.172349,0.018890,"us/op",2000,KING_JAMES_BIBLE,12,UNSAFE_BIT_SLICED_SWAR_PAIR,90210,3
"com.openkappa.runtime.stringsearch.IndexOfBenchmark.indexOfSearcher","avgt",1,5,2.209708,0.020134,"us/op",2000,KING_JAMES_BIBLE,12,UNSAFE_BIT_SLICED_SWAR_PAIR,90210,19
"com.openkappa.runtime.stringsearch.IndexOfBenchmark.indexOfSearcher","avgt",1,5,2.216464,0.055986,"us/op",2000,KING_JAMES_BIBLE,12,UNSAFE_BIT_SLICED_SWAR_PAIR,90210,40
"com.openkappa.runtime.stringsearch.IndexOfBenchmark.indexOfSearcher","avgt",1,5,2.222326,0.036886,"us/op",2000,KING_JAMES_BIBLE,12,UNSAFE_BIT_SLICED_SWAR_PAIR,90210,59
"com.openkappa.runtime.stringsearch.IndexOfBenchmark.indexOfSearcher","avgt",1,5,3.978915,0.066984,"us/op",2000,KING_JAMES_BIBLE,12,UNSAFE_BIT_SLICED_SWAR,90210,3
"com.openkappa.runtime.stringsearch.IndexOfBenchmark.indexOfSearcher","avgt",1,5,4.378615,0.062790,"us/op",2000,KING_JAMES_BIBLE,12,UNSAFE_BIT_SLICED_SWAR,90210,19
"com.openkappa.runtime.stringsearch.IndexOfBenchmark.indexOfSearcher","avgt",1,5,4.389753,0.028120,"us/op",2000,KING_JAMES_BIBLE,12,UNSAFE_BIT_SLICED_SWAR,90210,40
"com.openkappa.runtime.stringsearch.IndexOfBenchmark.indexOfSearcher","avgt",1,5,4.082552,0.080126,"us/op",2000,KING_JAMES_BIBLE,12,UNSAFE_BIT_SLICED_SWAR,90210,59
"com.openkappa.runtime.stringsearch.IndexOfBenchmark.indexOfSearcher","avgt",1,5,1.686018,0.008260,"us/op",2000,LUTHER_1912_BIBLE,7,UNSAFE_BIT_SLICED_SWAR_PAIR,90210,3
"com.openkappa.runtime.stringsearch.IndexOfBenchmark.indexOfSearcher","avgt",1,5,1.652273,0.008815,"us/op",2000,LUTHER_1912_BIBLE,7,UNSAFE_BIT_SLICED_SWAR_PAIR,90210,19
"com.openkappa.runtime.stringsearch.IndexOfBenchmark.indexOfSearcher","avgt",1,5,1.660755,0.019053,"us/op",2000,LUTHER_1912_BIBLE,7,UNSAFE_BIT_SLICED_SWAR_PAIR,90210,40
"com.openkappa.runtime.stringsearch.IndexOfBenchmark.indexOfSearcher","avgt",1,5,1.731229,0.005435,"us/op",2000,LUTHER_1912_BIBLE,7,UNSAFE_BIT_SLICED_SWAR_PAIR,90210,59
"com.openkappa.runtime.stringsearch.IndexOfBenchmark.indexOfSearcher","avgt",1,5,3.411698,0.012201,"us/op",2000,LUTHER_1912_BIBLE,7,UNSAFE_BIT_SLICED_SWAR,90210,3
"com.openkappa.runtime.stringsearch.IndexOfBenchmark.indexOfSearcher","avgt",1,5,3.484382,0.008269,"us/op",2000,LUTHER_1912_BIBLE,7,UNSAFE_BIT_SLICED_SWAR,90210,19
"com.openkappa.runtime.stringsearch.IndexOfBenchmark.indexOfSearcher","avgt",1,5,3.188045,0.020883,"us/op",2000,LUTHER_1912_BIBLE,7,UNSAFE_BIT_SLICED_SWAR,90210,40
"com.openkappa.runtime.stringsearch.IndexOfBenchmark.indexOfSearcher","avgt",1,5,3.173605,0.020891,"us/op",2000,LUTHER_1912_BIBLE,7,UNSAFE_BIT_SLICED_SWAR,90210,59
"com.openkappa.runtime.stringsearch.IndexOfBenchmark.indexOfSearcher","avgt",1,5,1.666765,0.038792,"us/op",2000,LUTHER_1912_BIBLE,12,UNSAFE_BIT_SLICED_SWAR_PAIR,90210,3
"com.openkappa.runtime.stringsearch.IndexOfBenchmark.indexOfSearcher","avgt",1,5,1.792192,0.021372,"us/op",2000,LUTHER_1912_BIBLE,12,UNSAFE_BIT_SLICED_SWAR_PAIR,90210,19
"com.openkappa.runtime.stringsearch.IndexOfBenchmark.indexOfSearcher","avgt",1,5,1.808057,0.020397,"us/op",2000,LUTHER_1912_BIBLE,12,UNSAFE_BIT_SLICED_SWAR_PAIR,90210,40
"com.openkappa.runtime.stringsearch.IndexOfBenchmark.indexOfSearcher","avgt",1,5,1.908889,0.017448,"us/op",2000,LUTHER_1912_BIBLE,12,UNSAFE_BIT_SLICED_SWAR_PAIR,90210,59
"com.openkappa.runtime.stringsearch.IndexOfBenchmark.indexOfSearcher","avgt",1,5,3.372799,0.020843,"us/op",2000,LUTHER_1912_BIBLE,12,UNSAFE_BIT_SLICED_SWAR,90210,3
"com.openkappa.runtime.stringsearch.IndexOfBenchmark.indexOfSearcher","avgt",1,5,3.381249,0.032219,"us/op",2000,LUTHER_1912_BIBLE,12,UNSAFE_BIT_SLICED_SWAR,90210,19
"com.openkappa.runtime.stringsearch.IndexOfBenchmark.indexOfSearcher","avgt",1,5,3.435464,0.029087,"us/op",2000,LUTHER_1912_BIBLE,12,UNSAFE_BIT_SLICED_SWAR,90210,40
"com.openkappa.runtime.stringsearch.IndexOfBenchmark.indexOfSearcher","avgt",1,5,3.581691,0.832871,"us/op",2000,LUTHER_1912_BIBLE,12,UNSAFE_BIT_SLICED_SWAR,90210,59
"com.openkappa.runtime.stringsearch.IndexOfBenchmark.indexOfSearcher","avgt",1,5,1.389027,0.016035,"us/op",2000,SERBIAN_LATIN_SCRIPT,7,UNSAFE_BIT_SLICED_SWAR_PAIR,90210,3
"com.openkappa.runtime.stringsearch.IndexOfBenchmark.indexOfSearcher","avgt",1,5,1.530053,0.011810,"us/op",2000,SERBIAN_LATIN_SCRIPT,7,UNSAFE_BIT_SLICED_SWAR_PAIR,90210,19
"com.openkappa.runtime.stringsearch.IndexOfBenchmark.indexOfSearcher","avgt",1,5,1.583308,0.009822,"us/op",2000,SERBIAN_LATIN_SCRIPT,7,UNSAFE_BIT_SLICED_SWAR_PAIR,90210,40
"com.openkappa.runtime.stringsearch.IndexOfBenchmark.indexOfSearcher","avgt",1,5,1.612892,0.015173,"us/op",2000,SERBIAN_LATIN_SCRIPT,7,UNSAFE_BIT_SLICED_SWAR_PAIR,90210,59
"com.openkappa.runtime.stringsearch.IndexOfBenchmark.indexOfSearcher","avgt",1,5,3.038748,0.018372,"us/op",2000,SERBIAN_LATIN_SCRIPT,7,UNSAFE_BIT_SLICED_SWAR,90210,3
"com.openkappa.runtime.stringsearch.IndexOfBenchmark.indexOfSearcher","avgt",1,5,3.059262,0.015606,"us/op",2000,SERBIAN_LATIN_SCRIPT,7,UNSAFE_BIT_SLICED_SWAR,90210,19
"com.openkappa.runtime.stringsearch.IndexOfBenchmark.indexOfSearcher","avgt",1,5,3.097437,0.021003,"us/op",2000,SERBIAN_LATIN_SCRIPT,7,UNSAFE_BIT_SLICED_SWAR,90210,40
"com.openkappa.runtime.stringsearch.IndexOfBenchmark.indexOfSearcher","avgt",1,5,3.117449,0.017968,"us/op",2000,SERBIAN_LATIN_SCRIPT,7,UNSAFE_BIT_SLICED_SWAR,90210,59
"com.openkappa.runtime.stringsearch.IndexOfBenchmark.indexOfSearcher","avgt",1,5,1.572196,0.022053,"us/op",2000,SERBIAN_LATIN_SCRIPT,12,UNSAFE_BIT_SLICED_SWAR_PAIR,90210,3
"com.openkappa.runtime.stringsearch.IndexOfBenchmark.indexOfSearcher","avgt",1,5,1.711878,0.021263,"us/op",2000,SERBIAN_LATIN_SCRIPT,12,UNSAFE_BIT_SLICED_SWAR_PAIR,90210,19
"com.openkappa.runtime.stringsearch.IndexOfBenchmark.indexOfSearcher","avgt",1,5,1.705506,0.019327,"us/op",2000,SERBIAN_LATIN_SCRIPT,12,UNSAFE_BIT_SLICED_SWAR_PAIR,90210,40
"com.openkappa.runtime.stringsearch.IndexOfBenchmark.indexOfSearcher","avgt",1,5,1.786530,0.012271,"us/op",2000,SERBIAN_LATIN_SCRIPT,12,UNSAFE_BIT_SLICED_SWAR_PAIR,90210,59
"com.openkappa.runtime.stringsearch.IndexOfBenchmark.indexOfSearcher","avgt",1,5,2.969875,0.019869,"us/op",2000,SERBIAN_LATIN_SCRIPT,12,UNSAFE_BIT_SLICED_SWAR,90210,3
"com.openkappa.runtime.stringsearch.IndexOfBenchmark.indexOfSearcher","avgt",1,5,3.297548,0.028525,"us/op",2000,SERBIAN_LATIN_SCRIPT,12,UNSAFE_BIT_SLICED_SWAR,90210,19
"com.openkappa.runtime.stringsearch.IndexOfBenchmark.indexOfSearcher","avgt",1,5,3.050191,0.031357,"us/op",2000,SERBIAN_LATIN_SCRIPT,12,UNSAFE_BIT_SLICED_SWAR,90210,40
"com.openkappa.runtime.stringsearch.IndexOfBenchmark.indexOfSearcher","avgt",1,5,3.329746,0.012922,"us/op",2000,SERBIAN_LATIN_SCRIPT,12,UNSAFE_BIT_SLICED_SWAR,90210,59
"com.openkappa.runtime.stringsearch.IndexOfBenchmark.indexOfSearcher","avgt",1,5,2.728885,0.010989,"us/op",2000,RUSSIAN,7,UNSAFE_BIT_SLICED_SWAR_PAIR,90210,3
"com.openkappa.runtime.stringsearch.IndexOfBenchmark.indexOfSearcher","avgt",1,5,2.806490,0.021116,"us/op",2000,RUSSIAN,7,UNSAFE_BIT_SLICED_SWAR_PAIR,90210,19
"com.openkappa.runtime.stringsearch.IndexOfBenchmark.indexOfSearcher","avgt",1,5,2.857491,0.015080,"us/op",2000,RUSSIAN,7,UNSAFE_BIT_SLICED_SWAR_PAIR,90210,40
"com.openkappa.runtime.stringsearch.IndexOfBenchmark.indexOfSearcher","avgt",1,5,2.835502,0.026010,"us/op",2000,RUSSIAN,7,UNSAFE_BIT_SLICED_SWAR_PAIR,90210,59
"com.openkappa.runtime.stringsearch.IndexOfBenchmark.indexOfSearcher","avgt",1,5,4.114522,0.020522,"us/op",2000,RUSSIAN,7,UNSAFE_BIT_SLICED_SWAR,90210,3
"com.openkappa.runtime.stringsearch.IndexOfBenchmark.indexOfSearcher","avgt",1,5,4.226049,0.025562,"us/op",2000,RUSSIAN,7,UNSAFE_BIT_SLICED_SWAR,90210,19
"com.openkappa.runtime.stringsearch.IndexOfBenchmark.indexOfSearcher","avgt",1,5,4.221052,0.023814,"us/op",2000,RUSSIAN,7,UNSAFE_BIT_SLICED_SWAR,90210,40
"com.openkappa.runtime.stringsearch.IndexOfBenchmark.indexOfSearcher","avgt",1,5,4.260139,0.006465,"us/op",2000,RUSSIAN,7,UNSAFE_BIT_SLICED_SWAR,90210,59
"com.openkappa.runtime.stringsearch.IndexOfBenchmark.indexOfSearcher","avgt",1,5,2.914291,0.039777,"us/op",2000,RUSSIAN,12,UNSAFE_BIT_SLICED_SWAR_PAIR,90210,3
"com.openkappa.runtime.stringsearch.IndexOfBenchmark.indexOfSearcher","avgt",1,5,3.003395,0.022319,"us/op",2000,RUSSIAN,12,UNSAFE_BIT_SLICED_SWAR_PAIR,90210,19
"com.openkappa.runtime.stringsearch.IndexOfBenchmark.indexOfSearcher","avgt",1,5,2.998992,0.016556,"us/op",2000,RUSSIAN,12,UNSAFE_BIT_SLICED_SWAR_PAIR,90210,40
"com.openkappa.runtime.stringsearch.IndexOfBenchmark.indexOfSearcher","avgt",1,5,3.104442,0.545837,"us/op",2000,RUSSIAN,12,UNSAFE_BIT_SLICED_SWAR_PAIR,90210,59
"com.openkappa.runtime.stringsearch.IndexOfBenchmark.indexOfSearcher","avgt",1,5,4.005321,0.011111,"us/op",2000,RUSSIAN,12,UNSAFE_BIT_SLICED_SWAR,90210,3
"com.openkappa.runtime.stringsearch.IndexOfBenchmark.indexOfSearcher","avgt",1,5,4.128891,0.018245,"us/op",2000,RUSSIAN,12,UNSAFE_BIT_SLICED_SWAR,90210,19
"com.openkappa.runtime.stringsearch.IndexOfBenchmark.indexOfSearcher","avgt",1,5,4.448274,0.074250,"us/op",2000,RUSSIAN,12,UNSAFE_BIT_SLICED_SWAR,90210,40
"com.openkappa.runtime.stringsearch.IndexOfBenchmark.indexOfSearcher","avgt",1,5,4.515210,0.718539,"us/op",2000,RUSSIAN,12,UNSAFE_BIT_SLICED_SWAR,90210,59
"com.openkappa.runtime.stringsearch.IndexOfBenchmark.indexOfSearcher","avgt",1,5,1.156635,0.006630,"us/op",2000,CHINESE_TRADITIONAL,7,UNSAFE_BIT_SLICED_SWAR_PAIR,90210,3
"com.openkappa.runtime.stringsearch.IndexOfBenchmark.indexOfSearcher","avgt",1,5,1.198547,0.009899,"us/op",2000,CHINESE_TRADITIONAL,7,UNSAFE_BIT_SLICED_SWAR_PAIR,90210,19
"com.openkappa.runtime.stringsearch.IndexOfBenchmark.indexOfSearcher","avgt",1,5,1.246513,0.006328,"us/op",2000,CHINESE_TRADITIONAL,7,UNSAFE_BIT_SLICED_SWAR_PAIR,90210,40
"com.openkappa.runtime.stringsearch.IndexOfBenchmark.indexOfSearcher","avgt",1,5,1.274043,0.014342,"us/op",2000,CHINESE_TRADITIONAL,7,UNSAFE_BIT_SLICED_SWAR_PAIR,90210,59
"com.openkappa.runtime.stringsearch.IndexOfBenchmark.indexOfSearcher","avgt",1,5,1.542004,0.004685,"us/op",2000,CHINESE_TRADITIONAL,7,UNSAFE_BIT_SLICED_SWAR,90210,3
"com.openkappa.runtime.stringsearch.IndexOfBenchmark.indexOfSearcher","avgt",1,5,1.560576,0.009473,"us/op",2000,CHINESE_TRADITIONAL,7,UNSAFE_BIT_SLICED_SWAR,90210,19
"com.openkappa.runtime.stringsearch.IndexOfBenchmark.indexOfSearcher","avgt",1,5,1.577713,0.006228,"us/op",2000,CHINESE_TRADITIONAL,7,UNSAFE_BIT_SLICED_SWAR,90210,40
"com.openkappa.runtime.stringsearch.IndexOfBenchmark.indexOfSearcher","avgt",1,5,1.609837,0.004429,"us/op",2000,CHINESE_TRADITIONAL,7,UNSAFE_BIT_SLICED_SWAR,90210,59
"com.openkappa.runtime.stringsearch.IndexOfBenchmark.indexOfSearcher","avgt",1,5,1.269198,0.027313,"us/op",2000,CHINESE_TRADITIONAL,12,UNSAFE_BIT_SLICED_SWAR_PAIR,90210,3
"com.openkappa.runtime.stringsearch.IndexOfBenchmark.indexOfSearcher","avgt",1,5,1.360675,0.032726,"us/op",2000,CHINESE_TRADITIONAL,12,UNSAFE_BIT_SLICED_SWAR_PAIR,90210,19
"com.openkappa.runtime.stringsearch.IndexOfBenchmark.indexOfSearcher","avgt",1,5,1.411549,0.016893,"us/op",2000,CHINESE_TRADITIONAL,12,UNSAFE_BIT_SLICED_SWAR_PAIR,90210,40
"com.openkappa.runtime.stringsearch.IndexOfBenchmark.indexOfSearcher","avgt",1,5,1.444000,0.015182,"us/op",2000,CHINESE_TRADITIONAL,12,UNSAFE_BIT_SLICED_SWAR_PAIR,90210,59
"com.openkappa.runtime.stringsearch.IndexOfBenchmark.indexOfSearcher","avgt",1,5,1.658822,0.032716,"us/op",2000,CHINESE_TRADITIONAL,12,UNSAFE_BIT_SLICED_SWAR,90210,3
"com.openkappa.runtime.stringsearch.IndexOfBenchmark.indexOfSearcher","avgt",1,5,1.774680,0.020179,"us/op",2000,CHINESE_TRADITIONAL,12,UNSAFE_BIT_SLICED_SWAR,90210,19
"com.openkappa.runtime.stringsearch.IndexOfBenchmark.indexOfSearcher","avgt",1,5,1.824158,0.041592,"us/op",2000,CHINESE_TRADITIONAL,12,UNSAFE_BIT_SLICED_SWAR,90210,40
"com.openkappa.runtime.stringsearch.IndexOfBenchmark.indexOfSearcher","avgt",1,5,1.845770,0.011333,"us/op",2000,CHINESE_TRADITIONAL,12,UNSAFE_BIT_SLICED_SWAR,90210,59
"com.openkappa.runtime.stringsearch.IndexOfBenchmark.indexOfSearcher","avgt",1,5,0.690874,0.004226,"us/op",2000,RANDOM,7,UNSAFE_BIT_SLICED_SWAR_PAIR,90210,3
"com.openkappa.runtime.stringsearch.IndexOfBenchmark.indexOfSearcher","avgt",1,5,0.733783,0.002973,"us/op",2000,RANDOM,7,UNSAFE_BIT_SLICED_SWAR_PAIR,90210,19
"com.openkappa.runtime.stringsearch.IndexOfBenchmark.indexOfSearcher","avgt",1,5,0.764767,0.002014,"us/op",2000,RANDOM,7,UNSAFE_BIT_SLICED_SWAR_PAIR,90210,40
"com.openkappa.runtime.stringsearch.IndexOfBenchmark.indexOfSearcher","avgt",1,5,0.790328,0.005036,"us/op",2000,RANDOM,7,UNSAFE_BIT_SLICED_SWAR_PAIR,90210,59
"com.openkappa.runtime.stringsearch.IndexOfBenchmark.indexOfSearcher","avgt",1,5,0.734774,0.010287,"us/op",2000,RANDOM,7,UNSAFE_BIT_SLICED_SWAR,90210,3
"com.openkappa.runtime.stringsearch.IndexOfBenchmark.indexOfSearcher","avgt",1,5,0.715645,0.002146,"us/op",2000,RANDOM,7,UNSAFE_BIT_SLICED_SWAR,90210,19
"com.openkappa.runtime.stringsearch.IndexOfBenchmark.indexOfSearcher","avgt",1,5,0.712663,0.001711,"us/op",2000,RANDOM,7,UNSAFE_BIT_SLICED_SWAR,90210,40
"com.openkappa.runtime.stringsearch.IndexOfBenchmark.indexOfSearcher","avgt",1,5,0.746323,0.002932,"us/op",2000,RANDOM,7,UNSAFE_BIT_SLICED_SWAR,90210,59
"com.openkappa.runtime.stringsearch.IndexOfBenchmark.indexOfSearcher","avgt",1,5,0.792334,0.011238,"us/op",2000,RANDOM,12,UNSAFE_BIT_SLICED_SWAR_PAIR,90210,3
"com.openkappa.runtime.stringsearch.IndexOfBenchmark.indexOfSearcher","avgt",1,5,0.815981,0.015298,"us/op",2000,RANDOM,12,UNSAFE_BIT_SLICED_SWAR_PAIR,90210,19
"com.openkappa.runtime.stringsearch.IndexOfBenchmark.indexOfSearcher","avgt",1,5,0.878513,0.012366,"us/op",2000,RANDOM,12,UNSAFE_BIT_SLICED_SWAR_PAIR,90210,40
"com.openkappa.runtime.stringsearch.IndexOfBenchmark.indexOfSearcher","avgt",1,5,0.908612,0.016724,"us/op",2000,RANDOM,12,UNSAFE_BIT_SLICED_SWAR_PAIR,90210,59
"com.openkappa.runtime.stringsearch.IndexOfBenchmark.indexOfSearcher","avgt",1,5,0.811775,0.007479,"us/op",2000,RANDOM,12,UNSAFE_BIT_SLICED_SWAR,90210,3
"com.openkappa.runtime.stringsearch.IndexOfBenchmark.indexOfSearcher","avgt",1,5,0.895856,0.009341,"us/op",2000,RANDOM,12,UNSAFE_BIT_SLICED_SWAR,90210,19
"com.openkappa.runtime.stringsearch.IndexOfBenchmark.indexOfSearcher","avgt",1,5,0.858626,0.010457,"us/op",2000,RANDOM,12,UNSAFE_BIT_SLICED_SWAR,90210,40
"com.openkappa.runtime.stringsearch.IndexOfBenchmark.indexOfSearcher","avgt",1,5,0.887260,0.018234,"us/op",2000,RANDOM,12,UNSAFE_BIT_SLICED_SWAR,90210,59
